port_code,ptent_yr,voyage_no,callsgn,vessel_name,vessel_type_name,vessel_nationality_code,vessel_nationality_name,mrn_no,bl_no,master_bl_no,io_se_code,io_se_name,facility_name,cargo_se_name,cargo_name_raw,dg_un_no,cargo_basis,package_type_name,unload_method_name,vol_ton_unit_name,vol_ton,weight_ton,pod_name,pol_name,arrival_at_utc,customs_progress_status_name,source_system,source_table,collected_at_utc,quality_flag,is_synthetic
KRUSN,2026,003,DSQI3,우림 드라곤 7호,석유제품운반선,KR,대한민국,MRN81541,BL410087,MBL70805,O,수입,SK2부두,액체,휘발유,1203,PORT-MIS 실선종 기반,벌크,펌프,TON,31324.3,31324.3,울산,SINGAPORE,2026-07-24 00:00:00+00:00,반입,UPA_SYNTHETIC,IntgCagInfo(SYNTHETIC),2026-07-26 05:32:53.301751+00:00,OK,True
KRUSN,2026,175,DSQI3,우림 드라곤 7호,석유제품운반선,KR,대한민국,MRN82909,BL300966,MBL83865,O,수입,정일1부두,액체,휘발유,1203,PORT-MIS 실선종 기반,벌크,펌프,TON,48820.7,48820.7,울산,SINGAPORE,2026-07-24 00:00:00+00:00,반입,UPA_SYNTHETIC,IntgCagInfo(SYNTHETIC),2026-07-26 05:32:53.301751+00:00,OK,True
KRUSN,2026,169,DSQI3,우림 드라곤 7호,석유제품운반선,KR,대한민국,MRN92555,BL764444,MBL43707,O,수출,제3부두,액체,휘발유,1203,PORT-MIS 실선종 기반,벌크,펌프,TON,29702.1,29702.1,울산,여수,2026-07-24 00:00:00+00:00,반입,UPA_SYNTHETIC,IntgCagInfo(SYNTHETIC),2026-07-26 05:32:53.301751+00:00,OK,True
KRUSN,2026,172,D7DL,우황,석유제품운반선,KR,대한민국,MRN93782,BL533931,MBL99752,O,수입,제4부두,액체,휘발유,1203,PORT-MIS 실선종 기반,벌크,펌프,TON,773.6,773.6,울산,DALIAN,2026-07-24 00:00:00+00:00,반입,UPA_SYNTHETIC,IntgCagInfo(SYNTHETIC),2026-07-26 05:32:53.301751+00:00,OK,True
KRUSN,2026,185,131062,그린오션호,석유제품운반선,KR,대한민국,MRN48294,BL282615,MBL90868,I,수입,정일1부두,액체,나프타,1268,PORT-MIS 실선종 기반,벌크,펌프,TON,7693.5,7693.5,울산,여수,2026-07-24 00:00:00+00:00,반입,UPA_SYNTHETIC,IntgCagInfo(SYNTHETIC),2026-07-26 05:32:53.301751+00:00,OK,True
KRUSN,2026,161,131062,그린오션호,석유제품운반선,KR,대한민국,MRN79178,BL256581,MBL67687,O,수입,SK2부두,액체,나프타,1268,PORT-MIS 실선종 기반,벌크,펌프,TON,11811.0,11811.0,울산,휴스턴,2026-07-24 00:00:00+00:00,반입,UPA_SYNTHETIC,IntgCagInfo(SYNTHETIC),2026-07-26 05:32:53.301751+00:00,OK,True
KRUSN,2026,020,DSFN9,우선호,석유제품운반선,KR,대한민국,MRN65597,BL185685,MBL74658,O,수입,OTK1부두,액체,휘발유,1203,PORT-MIS 실선종 기반,벌크,펌프,TON,10200.4,10200.4,울산,SINGAPORE,2026-07-24 00:00:00+00:00,반입,UPA_SYNTHETIC,IntgCagInfo(SYNTHETIC),2026-07-26 05:32:53.301751+00:00,OK,True
KRUSN,2026,080,DSFN9,우선호,석유제품운반선,KR,대한민국,MRN86008,BL692244,MBL60421,O,수출,가스부두,액체,휘발유,1203,PORT-MIS 실선종 기반,벌크,펌프,TON,43331.3,43331.3,울산,SINGAPORE,2026-07-24 00:00:00+00:00,반입,UPA_SYNTHETIC,IntgCagInfo(SYNTHETIC),2026-07-26 05:32:53.301751+00:00,OK,True
KRUSN,2026,119,DSFN9,우선호,석유제품운반선,KR,대한민국,MRN52089,BL557051,MBL66522,O,수출,가스부두,액체,등유,1223,PORT-MIS 실선종 기반,벌크,펌프,TON,5206.5,5206.5,울산,SINGAPORE,2026-07-24 00:00:00+00:00,반입,UPA_SYNTHETIC,IntgCagInfo(SYNTHETIC),2026-07-26 05:32:53.301751+00:00,OK,True
KRUSN,2026,028,D7MB,써니 퀸,케미칼운반선,KR,대한민국,MRN25783,BL431496,MBL80145,I,수출,SK2부두,액체,아세톤,1090,PORT-MIS 실선종 기반,벌크,펌프,TON,27211.6,27211.6,울산,DALIAN,2026-07-24 00:00:00+00:00,반입,UPA_SYNTHETIC,IntgCagInfo(SYNTHETIC),2026-07-26 05:32:53.301751+00:00,OK,True
KRUSN,2026,080,190005,동방에이스호,기타유조선,KR,대한민국,MRN89782,BL926207,MBL12771,I,수입,S-Oil 1부두,액체,석유제품(기타),1268,PORT-MIS 실선종 기반,벌크,펌프,TON,30433.4,30433.4,울산,여수,2026-07-24 00:00:00+00:00,반입,UPA_SYNTHETIC,IntgCagInfo(SYNTHETIC),2026-07-26 05:32:53.301751+00:00,OK,True
KRUSN,2026,141,190005,동방에이스호,기타유조선,KR,대한민국,MRN50730,BL883152,MBL43460,O,수입,제4부두,액체,석유제품(기타),1268,PORT-MIS 실선종 기반,벌크,펌프,TON,34394.5,34394.5,울산,여수,2026-07-24 00:00:00+00:00,반입,UPA_SYNTHETIC,IntgCagInfo(SYNTHETIC),2026-07-26 05:32:53.301751+00:00,OK,True
KRUSN,2026,006,190005,동방에이스호,기타유조선,KR,대한민국,MRN22744,BL454942,MBL75313,O,수입,신항일반부두,액체,석유제품(기타),1268,PORT-MIS 실선종 기반,벌크,펌프,TON,25151.8,25151.8,울산,DALIAN,2026-07-24 00:00:00+00:00,반입,UPA_SYNTHETIC,IntgCagInfo(SYNTHETIC),2026-07-26 05:32:53.301751+00:00,OK,True
KRUSN,2026,053,5LCP2,레지슬레이터,LPG운반선,KR,대한민국,MRN80857,BL399504,MBL87223,O,수입,제3부두,액체,프로판,1978,PORT-MIS 실선종 기반,벌크,펌프,TON,39669.6,39669.6,울산,SINGAPORE,2026-07-24 00:00:00+00:00,반입,UPA_SYNTHETIC,IntgCagInfo(SYNTHETIC),2026-07-26 05:32:53.301751+00:00,OK,True
KRUSN,2026,135,5LCP2,레지슬레이터,LPG운반선,KR,대한민국,MRN99950,BL418272,MBL92016,I,수입,정일1부두,액체,부탄,1011,PORT-MIS 실선종 기반,벌크,펌프,TON,44283.0,44283.0,울산,휴스턴,2026-07-24 00:00:00+00:00,반입,UPA_SYNTHETIC,IntgCagInfo(SYNTHETIC),2026-07-26 05:32:53.301751+00:00,OK,True
KRUSN,2026,014,5LCP2,레지슬레이터,LPG운반선,KR,대한민국,MRN43311,BL125425,MBL20557,O,수입,SK2부두,액체,프로판,1978,PORT-MIS 실선종 기반,벌크,펌프,TON,17612.6,17612.6,울산,SINGAPORE,2026-07-24 00:00:00+00:00,반입,UPA_SYNTHETIC,IntgCagInfo(SYNTHETIC),2026-07-26 05:32:53.301751+00:00,OK,True
KRUSN,2026,063,9V2137,PRINCESS IRIS,석유제품운반선,KR,대한민국,MRN42143,BL554898,MBL82216,I,수출,온산1부두,액체,경유,1202,PORT-MIS 실선종 기반,벌크,펌프,TON,47905.7,47905.7,울산,휴스턴,2026-07-24 00:00:00+00:00,반입,UPA_SYNTHETIC,IntgCagInfo(SYNTHETIC),2026-07-26 05:32:53.301751+00:00,OK,True
KRUSN,2026,044,9V2137,PRINCESS IRIS,석유제품운반선,KR,대한민국,MRN30165,BL333156,MBL61118,O,수출,온산1부두,액체,경유,1202,PORT-MIS 실선종 기반,벌크,펌프,TON,45904.6,45904.6,울산,여수,2026-07-24 00:00:00+00:00,반입,UPA_SYNTHETIC,IntgCagInfo(SYNTHETIC),2026-07-26 05:32:53.301751+00:00,OK,True
KRUSN,2026,190,DSQF4,케이티에스 화이트,석유제품운반선,KR,대한민국,MRN89983,BL628775,MBL97529,I,수입,OTK1부두,액체,경유,1202,PORT-MIS 실선종 기반,벌크,펌프,TON,48630.0,48630.0,울산,SINGAPORE,2026-07-24 00:00:00+00:00,반입,UPA_SYNTHETIC,IntgCagInfo(SYNTHETIC),2026-07-26 05:32:53.301751+00:00,OK,True
KRUSN,2026,136,DSQF4,케이티에스 화이트,석유제품운반선,KR,대한민국,MRN14687,BL522761,MBL60548,I,수입,온산1부두,액체,등유,1223,PORT-MIS 실선종 기반,벌크,펌프,TON,24039.0,24039.0,울산,여수,2026-07-24 00:00:00+00:00,반입,UPA_SYNTHETIC,IntgCagInfo(SYNTHETIC),2026-07-26 05:32:53.301751+00:00,OK,True
KRUSN,2026,194,DSQF4,케이티에스 화이트,석유제품운반선,KR,대한민국,MRN34736,BL616665,MBL19804,I,수출,S-Oil 1부두,액체,경유,1202,PORT-MIS 실선종 기반,벌크,펌프,TON,29417.5,29417.5,울산,SINGAPORE,2026-07-24 00:00:00+00:00,반입,UPA_SYNTHETIC,IntgCagInfo(SYNTHETIC),2026-07-26 05:32:53.301751+00:00,OK,True
KRUSN,2026,017,220023,창용1호,석유제품운반선,KR,대한민국,MRN67937,BL545086,MBL82008,I,수출,온산1부두,액체,등유,1223,PORT-MIS 실선종 기반,벌크,펌프,TON,11023.1,11023.1,울산,여수,2026-07-24 00:00:00+00:00,반입,UPA_SYNTHETIC,IntgCagInfo(SYNTHETIC),2026-07-26 05:32:53.301751+00:00,OK,True
KRUSN,2026,191,D7WC,골드스타 샤인,석유제품운반선,KR,대한민국,MRN13228,BL477805,MBL24141,O,수출,SK8부두,액체,경유,1202,PORT-MIS 실선종 기반,벌크,펌프,TON,22271.4,22271.4,울산,휴스턴,2026-07-24 00:00:00+00:00,반입,UPA_SYNTHETIC,IntgCagInfo(SYNTHETIC),2026-07-26 05:32:53.301751+00:00,OK,True
KRUSN,2026,095,D7WC,골드스타 샤인,석유제품운반선,KR,대한민국,MRN49206,BL153837,MBL12069,O,수입,가스부두,액체,휘발유,1203,PORT-MIS 실선종 기반,벌크,펌프,TON,48634.1,48634.1,울산,휴스턴,2026-07-24 00:00:00+00:00,반입,UPA_SYNTHETIC,IntgCagInfo(SYNTHETIC),2026-07-26 05:32:53.301751+00:00,OK,True
KRUSN,2026,003,V7PU7,ORCHID SYLT,석유제품운반선,KR,대한민국,MRN82985,BL883440,MBL97876,O,수입,온산1부두,액체,나프타,1268,PORT-MIS 실선종 기반,벌크,펌프,TON,31714.5,31714.5,울산,휴스턴,2026-07-24 00:00:00+00:00,반입,UPA_SYNTHETIC,IntgCagInfo(SYNTHETIC),2026-07-26 05:32:53.301751+00:00,OK,True
KRUSN,2026,175,V7PU7,ORCHID SYLT,석유제품운반선,KR,대한민국,MRN15849,BL629910,MBL31460,I,수입,OTK1부두,액체,경유,1202,PORT-MIS 실선종 기반,벌크,펌프,TON,38986.7,38986.7,울산,SINGAPORE,2026-07-24 00:00:00+00:00,반입,UPA_SYNTHETIC,IntgCagInfo(SYNTHETIC),2026-07-26 05:32:53.301751+00:00,OK,True
KRUSN,2026,029,V7PU7,ORCHID SYLT,석유제품운반선,KR,대한민국,MRN98979,BL607850,MBL46219,O,수출,SK2부두,액체,등유,1223,PORT-MIS 실선종 기반,벌크,펌프,TON,13740.4,13740.4,울산,여수,2026-07-24 00:00:00+00:00,반입,UPA_SYNTHETIC,IntgCagInfo(SYNTHETIC),2026-07-26 05:32:53.301751+00:00,OK,True
KRUSN,2026,169,BONU9,HONG KAI,LPG운반선,KR,대한민국,MRN55011,BL478768,MBL77532,O,수입,제3부두,액체,프로판,1978,PORT-MIS 실선종 기반,벌크,펌프,TON,34775.5,34775.5,울산,휴스턴,2026-07-24 00:00:00+00:00,반입,UPA_SYNTHETIC,IntgCagInfo(SYNTHETIC),2026-07-26 05:32:53.301751+00:00,OK,True
KRUSN,2026,036,DSND9,퍼시픽 삼부,석유제품운반선,KR,대한민국,MRN10684,BL355386,MBL32212,O,수출,SK8부두,액체,경유,1202,PORT-MIS 실선종 기반,벌크,펌프,TON,4980.6,4980.6,울산,여수,2026-07-24 00:00:00+00:00,반입,UPA_SYNTHETIC,IntgCagInfo(SYNTHETIC),2026-07-26 05:32:53.301751+00:00,OK,True
KRUSN,2026,052,DSND9,퍼시픽 삼부,석유제품운반선,KR,대한민국,MRN35338,BL661830,MBL59890,O,수출,신항일반부두,액체,등유,1223,PORT-MIS 실선종 기반,벌크,펌프,TON,29037.2,29037.2,울산,휴스턴,2026-07-24 00:00:00+00:00,반입,UPA_SYNTHETIC,IntgCagInfo(SYNTHETIC),2026-07-26 05:32:53.301751+00:00,OK,True
KRUSN,2026,013,DSND9,퍼시픽 삼부,석유제품운반선,KR,대한민국,MRN17925,BL485384,MBL51643,I,수출,SK8부두,액체,휘발유,1203,PORT-MIS 실선종 기반,벌크,펌프,TON,35315.4,35315.4,울산,SINGAPORE,2026-07-24 00:00:00+00:00,반입,UPA_SYNTHETIC,IntgCagInfo(SYNTHETIC),2026-07-26 05:32:53.301751+00:00,OK,True
KRUSN,2026,088,170036,17유성호,석유제품운반선,KR,대한민국,MRN93150,BL923172,MBL16544,O,수입,S-Oil 1부두,액체,휘발유,1203,PORT-MIS 실선종 기반,벌크,펌프,TON,38774.4,38774.4,울산,여수,2026-07-24 00:00:00+00:00,반입,UPA_SYNTHETIC,IntgCagInfo(SYNTHETIC),2026-07-26 05:32:53.301751+00:00,OK,True
KRUSN,2026,077,170036,17유성호,석유제품운반선,KR,대한민국,MRN13047,BL808347,MBL13962,O,수입,정일1부두,액체,경유,1202,PORT-MIS 실선종 기반,벌크,펌프,TON,37092.8,37092.8,울산,여수,2026-07-24 00:00:00+00:00,반입,UPA_SYNTHETIC,IntgCagInfo(SYNTHETIC),2026-07-26 05:32:53.301751+00:00,OK,True
KRUSN,2026,179,170036,17유성호,석유제품운반선,KR,대한민국,MRN91202,BL673227,MBL30482,I,수입,가스부두,액체,휘발유,1203,PORT-MIS 실선종 기반,벌크,펌프,TON,44217.1,44217.1,울산,DALIAN,2026-07-24 00:00:00+00:00,반입,UPA_SYNTHETIC,IntgCagInfo(SYNTHETIC),2026-07-26 05:32:53.301751+00:00,OK,True
KRUSN,2026,103,210036,경성,석유제품운반선,KR,대한민국,MRN22774,BL695798,MBL79142,O,수출,제4부두,액체,나프타,1268,PORT-MIS 실선종 기반,벌크,펌프,TON,9937.7,9937.7,울산,휴스턴,2026-07-24 00:00:00+00:00,반입,UPA_SYNTHETIC,IntgCagInfo(SYNTHETIC),2026-07-26 05:32:53.301751+00:00,OK,True
KRUSN,2026,041,210036,경성,석유제품운반선,KR,대한민국,MRN10387,BL362514,MBL48787,I,수입,온산1부두,액체,등유,1223,PORT-MIS 실선종 기반,벌크,펌프,TON,22066.7,22066.7,울산,여수,2026-07-24 00:00:00+00:00,반입,UPA_SYNTHETIC,IntgCagInfo(SYNTHETIC),2026-07-26 05:32:53.301751+00:00,OK,True
KRUSN,2026,168,210036,경성,석유제품운반선,KR,대한민국,MRN27275,BL703164,MBL84122,O,수입,SK8부두,액체,나프타,1268,PORT-MIS 실선종 기반,벌크,펌프,TON,26982.3,26982.3,울산,SINGAPORE,2026-07-24 00:00:00+00:00,반입,UPA_SYNTHETIC,IntgCagInfo(SYNTHETIC),2026-07-26 05:32:53.301751+00:00,OK,True
KRUSN,2026,056,210003,21동방호,석유제품운반선,KR,대한민국,MRN19325,BL168051,MBL13152,O,수출,제4부두,액체,나프타,1268,PORT-MIS 실선종 기반,벌크,펌프,TON,26597.5,26597.5,울산,DALIAN,2026-07-24 00:00:00+00:00,반입,UPA_SYNTHETIC,IntgCagInfo(SYNTHETIC),2026-07-26 05:32:53.301751+00:00,OK,True
KRUSN,2026,124,V7HE2,MARLIN AMMOLITE,석유제품운반선,KR,대한민국,MRN59337,BL883285,MBL82070,I,수입,SK8부두,액체,경유,1202,PORT-MIS 실선종 기반,벌크,펌프,TON,44011.2,44011.2,울산,휴스턴,2026-07-24 00:00:00+00:00,반입,UPA_SYNTHETIC,IntgCagInfo(SYNTHETIC),2026-07-26 05:32:53.301751+00:00,OK,True
KRUSN,2026,097,9V6167,GOLDEN CYGNUS,케미칼운반선,KR,대한민국,MRN88759,BL532481,MBL26618,O,수출,제3부두,액체,메탄올,1230,PORT-MIS 실선종 기반,벌크,펌프,TON,26904.1,26904.1,울산,DALIAN,2026-07-24 00:00:00+00:00,반입,UPA_SYNTHETIC,IntgCagInfo(SYNTHETIC),2026-07-26 05:32:53.301751+00:00,OK,True
KRUSN,2026,025,9V6167,GOLDEN CYGNUS,케미칼운반선,KR,대한민국,MRN28568,BL748127,MBL69043,I,수출,OTK1부두,액체,스티렌,2055,PORT-MIS 실선종 기반,벌크,펌프,TON,7407.2,7407.2,울산,휴스턴,2026-07-24 00:00:00+00:00,반입,UPA_SYNTHETIC,IntgCagInfo(SYNTHETIC),2026-07-26 05:32:53.301751+00:00,OK,True
KRUSN,2026,112,9V6167,GOLDEN CYGNUS,케미칼운반선,KR,대한민국,MRN27942,BL233351,MBL52433,I,수출,S-Oil 1부두,액체,메탄올,1230,PORT-MIS 실선종 기반,벌크,펌프,TON,28434.5,28434.5,울산,SINGAPORE,2026-07-24 00:00:00+00:00,반입,UPA_SYNTHETIC,IntgCagInfo(SYNTHETIC),2026-07-26 05:32:53.301751+00:00,OK,True
KRUSN,2026,147,V7A6600,ADVANTAGE VERITY,원유운반선,KR,대한민국,MRN53549,BL257746,MBL58249,O,수출,SK2부두,액체,원유,1267,PORT-MIS 실선종 기반,벌크,펌프,TON,5188.7,5188.7,울산,휴스턴,2026-07-24 00:00:00+00:00,반입,UPA_SYNTHETIC,IntgCagInfo(SYNTHETIC),2026-07-26 05:32:53.301751+00:00,OK,True
KRUSN,2026,199,V7A6600,ADVANTAGE VERITY,원유운반선,KR,대한민국,MRN90087,BL160675,MBL70979,O,수입,S-Oil 1부두,액체,원유,1267,PORT-MIS 실선종 기반,벌크,펌프,TON,31701.4,31701.4,울산,SINGAPORE,2026-07-24 00:00:00+00:00,반입,UPA_SYNTHETIC,IntgCagInfo(SYNTHETIC),2026-07-26 05:32:53.301751+00:00,OK,True
KRUSN,2026,018,D7TX,와이엔 광양,케미칼운반선,KR,대한민국,MRN77283,BL216828,MBL37919,O,수출,가스부두,액체,메탄올,1230,PORT-MIS 실선종 기반,벌크,펌프,TON,39334.6,39334.6,울산,SINGAPORE,2026-07-24 00:00:00+00:00,반입,UPA_SYNTHETIC,IntgCagInfo(SYNTHETIC),2026-07-26 05:32:53.301751+00:00,OK,True
KRUSN,2026,018,170035,두라썬,석유제품운반선,KR,대한민국,MRN32634,BL594500,MBL70932,I,수출,가스부두,액체,등유,1223,PORT-MIS 실선종 기반,벌크,펌프,TON,31781.0,31781.0,울산,여수,2026-07-24 00:00:00+00:00,반입,UPA_SYNTHETIC,IntgCagInfo(SYNTHETIC),2026-07-26 05:32:53.301751+00:00,OK,True
KRUSN,2026,037,161008,우찬,케미칼운반선,KR,대한민국,MRN68797,BL939976,MBL82190,O,수입,SK2부두,액체,메탄올,1230,PORT-MIS 실선종 기반,벌크,펌프,TON,6274.7,6274.7,울산,여수,2026-07-24 00:00:00+00:00,반입,UPA_SYNTHETIC,IntgCagInfo(SYNTHETIC),2026-07-26 05:32:53.301751+00:00,OK,True
KRUSN,2026,026,161008,우찬,케미칼운반선,KR,대한민국,MRN91399,BL182927,MBL60627,O,수입,SK8부두,액체,톨루엔,1294,PORT-MIS 실선종 기반,벌크,펌프,TON,22866.1,22866.1,울산,여수,2026-07-24 00:00:00+00:00,반입,UPA_SYNTHETIC,IntgCagInfo(SYNTHETIC),2026-07-26 05:32:53.301751+00:00,OK,True
KRUSN,2026,088,200009,송양1호,석유제품운반선,KR,대한민국,MRN77144,BL600299,MBL44170,O,수출,제3부두,액체,휘발유,1203,PORT-MIS 실선종 기반,벌크,펌프,TON,31965.7,31965.7,울산,휴스턴,2026-07-24 00:00:00+00:00,반입,UPA_SYNTHETIC,IntgCagInfo(SYNTHETIC),2026-07-26 05:32:53.301751+00:00,OK,True
KRUSN,2026,123,300TNLETO,티앤 레토,석유제품운반선,KR,대한민국,MRN82215,BL519684,MBL63178,I,수출,OTK1부두,액체,휘발유,1203,PORT-MIS 실선종 기반,벌크,펌프,TON,13556.5,13556.5,울산,DALIAN,2026-07-24 00:00:00+00:00,반입,UPA_SYNTHETIC,IntgCagInfo(SYNTHETIC),2026-07-26 05:32:53.301751+00:00,OK,True
KRUSN,2026,187,300TNLETO,티앤 레토,석유제품운반선,KR,대한민국,MRN34219,BL300225,MBL11005,I,수입,SK2부두,액체,등유,1223,PORT-MIS 실선종 기반,벌크,펌프,TON,45937.0,45937.0,울산,휴스턴,2026-07-24 00:00:00+00:00,반입,UPA_SYNTHETIC,IntgCagInfo(SYNTHETIC),2026-07-26 05:32:53.301751+00:00,OK,True
KRUSN,2026,045,240019,천왕,석유제품운반선,KR,대한민국,MRN67714,BL732546,MBL41294,I,수출,제4부두,액체,등유,1223,PORT-MIS 실선종 기반,벌크,펌프,TON,27934.3,27934.3,울산,여수,2026-07-24 00:00:00+00:00,반입,UPA_SYNTHETIC,IntgCagInfo(SYNTHETIC),2026-07-26 05:32:53.301751+00:00,OK,True
KRUSN,2026,006,240019,천왕,석유제품운반선,KR,대한민국,MRN68116,BL853277,MBL18963,O,수입,SK2부두,액체,나프타,1268,PORT-MIS 실선종 기반,벌크,펌프,TON,4327.5,4327.5,울산,DALIAN,2026-07-24 00:00:00+00:00,반입,UPA_SYNTHETIC,IntgCagInfo(SYNTHETIC),2026-07-26 05:32:53.301751+00:00,OK,True
KRUSN,2026,146,176801,아람,석유제품운반선,KR,대한민국,MRN59990,BL929005,MBL30689,I,수입,정일1부두,액체,등유,1223,PORT-MIS 실선종 기반,벌크,펌프,TON,41303.8,41303.8,울산,DALIAN,2026-07-24 00:00:00+00:00,반입,UPA_SYNTHETIC,IntgCagInfo(SYNTHETIC),2026-07-26 05:32:53.301751+00:00,OK,True
KRUSN,2026,082,184803,진양1호,석유제품운반선,KR,대한민국,MRN30869,BL438678,MBL33191,O,수입,온산1부두,액체,휘발유,1203,PORT-MIS 실선종 기반,벌크,펌프,TON,14661.5,14661.5,울산,SINGAPORE,2026-07-24 00:00:00+00:00,반입,UPA_SYNTHETIC,IntgCagInfo(SYNTHETIC),2026-07-26 05:32:53.301751+00:00,OK,True
KRUSN,2026,123,184803,진양1호,석유제품운반선,KR,대한민국,MRN78063,BL505630,MBL78079,O,수출,SK8부두,액체,휘발유,1203,PORT-MIS 실선종 기반,벌크,펌프,TON,36737.4,36737.4,울산,휴스턴,2026-07-24 00:00:00+00:00,반입,UPA_SYNTHETIC,IntgCagInfo(SYNTHETIC),2026-07-26 05:32:53.301751+00:00,OK,True
KRUSN,2026,144,D8QR,성호갤럭시호,케미칼운반선,KR,대한민국,MRN50148,BL212997,MBL34860,I,수입,SK8부두,액체,스티렌,2055,PORT-MIS 실선종 기반,벌크,펌프,TON,39123.9,39123.9,울산,휴스턴,2026-07-24 00:00:00+00:00,반입,UPA_SYNTHETIC,IntgCagInfo(SYNTHETIC),2026-07-26 05:32:53.301751+00:00,OK,True
KRUSN,2026,075,D8QR,성호갤럭시호,케미칼운반선,KR,대한민국,MRN91818,BL140110,MBL59033,O,수입,SK2부두,액체,아세톤,1090,PORT-MIS 실선종 기반,벌크,펌프,TON,6281.0,6281.0,울산,DALIAN,2026-07-24 00:00:00+00:00,반입,UPA_SYNTHETIC,IntgCagInfo(SYNTHETIC),2026-07-26 05:32:53.301751+00:00,OK,True
KRUSN,2026,123,D8QR,성호갤럭시호,케미칼운반선,KR,대한민국,MRN47779,BL531268,MBL25914,O,수입,SK8부두,액체,스티렌,2055,PORT-MIS 실선종 기반,벌크,펌프,TON,46841.2,46841.2,울산,DALIAN,2026-07-24 00:00:00+00:00,반입,UPA_SYNTHETIC,IntgCagInfo(SYNTHETIC),2026-07-26 05:32:53.301751+00:00,OK,True
KRUSN,2026,024,120059,부양에이스,석유제품운반선,KR,대한민국,MRN32976,BL492851,MBL41673,I,수출,S-Oil 1부두,액체,등유,1223,PORT-MIS 실선종 기반,벌크,펌프,TON,939.1,939.1,울산,휴스턴,2026-07-24 00:00:00+00:00,반입,UPA_SYNTHETIC,IntgCagInfo(SYNTHETIC),2026-07-26 05:32:53.301751+00:00,OK,True
KRUSN,2026,038,120059,부양에이스,석유제품운반선,KR,대한민국,MRN28732,BL136908,MBL41152,I,수입,SK8부두,액체,경유,1202,PORT-MIS 실선종 기반,벌크,펌프,TON,33447.0,33447.0,울산,휴스턴,2026-07-24 00:00:00+00:00,반입,UPA_SYNTHETIC,IntgCagInfo(SYNTHETIC),2026-07-26 05:32:53.301751+00:00,OK,True
KRUSN,2026,181,HSB9725,PILATUS 66,LPG운반선,KR,대한민국,MRN29814,BL609281,MBL13601,O,수출,SK8부두,액체,부탄,1011,PORT-MIS 실선종 기반,벌크,펌프,TON,21046.7,21046.7,울산,DALIAN,2026-07-24 00:00:00+00:00,반입,UPA_SYNTHETIC,IntgCagInfo(SYNTHETIC),2026-07-26 05:32:53.301751+00:00,OK,True
KRUSN,2026,167,V7RC7,FRONT LYNX,석유제품운반선,KR,대한민국,MRN24411,BL298501,MBL53648,I,수출,OTK1부두,액체,등유,1223,PORT-MIS 실선종 기반,벌크,펌프,TON,44870.5,44870.5,울산,여수,2026-07-24 00:00:00+00:00,반입,UPA_SYNTHETIC,IntgCagInfo(SYNTHETIC),2026-07-26 05:32:53.301751+00:00,OK,True
KRUSN,2026,043,V7RC7,FRONT LYNX,석유제품운반선,KR,대한민국,MRN44633,BL105146,MBL26998,I,수입,신항일반부두,액체,나프타,1268,PORT-MIS 실선종 기반,벌크,펌프,TON,34248.2,34248.2,울산,휴스턴,2026-07-24 00:00:00+00:00,반입,UPA_SYNTHETIC,IntgCagInfo(SYNTHETIC),2026-07-26 05:32:53.301751+00:00,OK,True
KRUSN,2026,125,V7RC7,FRONT LYNX,석유제품운반선,KR,대한민국,MRN39869,BL220051,MBL54985,O,수출,OTK1부두,액체,등유,1223,PORT-MIS 실선종 기반,벌크,펌프,TON,21427.5,21427.5,울산,휴스턴,2026-07-24 00:00:00+00:00,반입,UPA_SYNTHETIC,IntgCagInfo(SYNTHETIC),2026-07-26 05:32:53.301751+00:00,OK,True
KRUSN,2026,053,3ECG6,SUN VENUS,석유제품운반선,KR,대한민국,MRN12035,BL745553,MBL21128,I,수출,SK2부두,액체,나프타,1268,PORT-MIS 실선종 기반,벌크,펌프,TON,7633.1,7633.1,울산,SINGAPORE,2026-07-24 00:00:00+00:00,반입,UPA_SYNTHETIC,IntgCagInfo(SYNTHETIC),2026-07-26 05:32:53.301751+00:00,OK,True
KRUSN,2026,192,BPMR2,HUA HANG HE SHUN,석유제품운반선,KR,대한민국,MRN85839,BL351520,MBL81473,I,수입,가스부두,액체,경유,1202,PORT-MIS 실선종 기반,벌크,펌프,TON,25862.8,25862.8,울산,여수,2026-07-24 00:00:00+00:00,반입,UPA_SYNTHETIC,IntgCagInfo(SYNTHETIC),2026-07-26 05:32:53.301751+00:00,OK,True
KRUSN,2026,006,BPMR2,HUA HANG HE SHUN,석유제품운반선,KR,대한민국,MRN14449,BL487062,MBL42394,O,수출,S-Oil 1부두,액체,등유,1223,PORT-MIS 실선종 기반,벌크,펌프,TON,32805.7,32805.7,울산,여수,2026-07-24 00:00:00+00:00,반입,UPA_SYNTHETIC,IntgCagInfo(SYNTHETIC),2026-07-26 05:32:53.301751+00:00,OK,True
KRUSN,2026,014,9V5145,펜페어,석유제품운반선,KR,대한민국,MRN97208,BL617516,MBL76029,O,수출,SK8부두,액체,경유,1202,PORT-MIS 실선종 기반,벌크,펌프,TON,28109.4,28109.4,울산,휴스턴,2026-07-24 00:00:00+00:00,반입,UPA_SYNTHETIC,IntgCagInfo(SYNTHETIC),2026-07-26 05:32:53.301751+00:00,OK,True
KRUSN,2026,079,D7IY,제이앤 루비,석유제품운반선,KR,대한민국,MRN71558,BL380000,MBL12532,I,수출,신항일반부두,액체,나프타,1268,PORT-MIS 실선종 기반,벌크,펌프,TON,13769.2,13769.2,울산,여수,2026-07-24 00:00:00+00:00,반입,UPA_SYNTHETIC,IntgCagInfo(SYNTHETIC),2026-07-26 05:32:53.301751+00:00,OK,True
KRUSN,2026,187,D7YF,JN JUPITER,석유제품운반선,KR,대한민국,MRN82103,BL396059,MBL60820,O,수출,OTK1부두,액체,나프타,1268,PORT-MIS 실선종 기반,벌크,펌프,TON,39452.8,39452.8,울산,SINGAPORE,2026-07-24 00:00:00+00:00,반입,UPA_SYNTHETIC,IntgCagInfo(SYNTHETIC),2026-07-26 05:32:53.301751+00:00,OK,True
KRUSN,2026,063,D7YF,JN JUPITER,석유제품운반선,KR,대한민국,MRN39428,BL624864,MBL99618,O,수입,SK8부두,액체,나프타,1268,PORT-MIS 실선종 기반,벌크,펌프,TON,8119.7,8119.7,울산,여수,2026-07-24 00:00:00+00:00,반입,UPA_SYNTHETIC,IntgCagInfo(SYNTHETIC),2026-07-26 05:32:53.301751+00:00,OK,True
KRUSN,2026,073,D7BU,아시아가스호,LPG운반선,KR,대한민국,MRN26098,BL523081,MBL24618,I,수출,온산1부두,액체,LPG,1075,PORT-MIS 실선종 기반,벌크,펌프,TON,21585.5,21585.5,울산,여수,2026-07-24 00:00:00+00:00,반입,UPA_SYNTHETIC,IntgCagInfo(SYNTHETIC),2026-07-26 05:32:53.301751+00:00,OK,True
KRUSN,2026,080,D7BU,아시아가스호,LPG운반선,KR,대한민국,MRN74102,BL547313,MBL18149,O,수입,신항일반부두,액체,부탄,1011,PORT-MIS 실선종 기반,벌크,펌프,TON,6323.5,6323.5,울산,DALIAN,2026-07-24 00:00:00+00:00,반입,UPA_SYNTHETIC,IntgCagInfo(SYNTHETIC),2026-07-26 05:32:53.301751+00:00,OK,True
KRUSN,2026,031,D7BU,아시아가스호,LPG운반선,KR,대한민국,MRN98579,BL973379,MBL64552,O,수입,신항일반부두,액체,프로판,1978,PORT-MIS 실선종 기반,벌크,펌프,TON,38429.2,38429.2,울산,DALIAN,2026-07-24 00:00:00+00:00,반입,UPA_SYNTHETIC,IntgCagInfo(SYNTHETIC),2026-07-26 05:32:53.301751+00:00,OK,True
KRUSN,2026,138,D7WL,제2아시안 파이오니어,케미칼운반선,KR,대한민국,MRN31003,BL996989,MBL44856,O,수출,SK8부두,액체,아세톤,1090,PORT-MIS 실선종 기반,벌크,펌프,TON,49986.0,49986.0,울산,여수,2026-07-24 00:00:00+00:00,반입,UPA_SYNTHETIC,IntgCagInfo(SYNTHETIC),2026-07-26 05:32:53.301751+00:00,OK,True
KRUSN,2026,025,DSQA4,뉴 챌린지호,케미칼운반선,KR,대한민국,MRN84148,BL135564,MBL31639,O,수입,SK2부두,액체,톨루엔,1294,PORT-MIS 실선종 기반,벌크,펌프,TON,33387.0,33387.0,울산,SINGAPORE,2026-07-24 00:00:00+00:00,반입,UPA_SYNTHETIC,IntgCagInfo(SYNTHETIC),2026-07-26 05:32:53.301751+00:00,OK,True
KRUSN,2026,119,D7NF,두라 스타,석유제품운반선,KR,대한민국,MRN27436,BL382394,MBL16433,O,수출,신항일반부두,액체,휘발유,1203,PORT-MIS 실선종 기반,벌크,펌프,TON,47792.3,47792.3,울산,휴스턴,2026-07-24 00:00:00+00:00,반입,UPA_SYNTHETIC,IntgCagInfo(SYNTHETIC),2026-07-26 05:32:53.301751+00:00,OK,True
KRUSN,2026,147,D7NF,두라 스타,석유제품운반선,KR,대한민국,MRN96938,BL997866,MBL14432,O,수입,제3부두,액체,경유,1202,PORT-MIS 실선종 기반,벌크,펌프,TON,48375.7,48375.7,울산,여수,2026-07-24 00:00:00+00:00,반입,UPA_SYNTHETIC,IntgCagInfo(SYNTHETIC),2026-07-26 05:32:53.301751+00:00,OK,True
KRUSN,2026,103,D7NF,두라 스타,석유제품운반선,KR,대한민국,MRN63696,BL566097,MBL73622,O,수입,제4부두,액체,나프타,1268,PORT-MIS 실선종 기반,벌크,펌프,TON,45416.9,45416.9,울산,여수,2026-07-24 00:00:00+00:00,반입,UPA_SYNTHETIC,IntgCagInfo(SYNTHETIC),2026-07-26 05:32:53.301751+00:00,OK,True
KRUSN,2026,030,D7IE,에프씨 델라,케미칼운반선,KR,대한민국,MRN90743,BL551415,MBL34986,O,수입,가스부두,액체,스티렌,2055,PORT-MIS 실선종 기반,벌크,펌프,TON,31400.6,31400.6,울산,DALIAN,2026-07-24 00:00:00+00:00,반입,UPA_SYNTHETIC,IntgCagInfo(SYNTHETIC),2026-07-26 05:32:53.301751+00:00,OK,True
KRUSN,2026,161,V7AB3,엠에쓰 드림,케미칼운반선,KR,대한민국,MRN61661,BL666450,MBL47900,I,수입,신항일반부두,액체,아세톤,1090,PORT-MIS 실선종 기반,벌크,펌프,TON,32487.4,32487.4,울산,여수,2026-07-24 00:00:00+00:00,반입,UPA_SYNTHETIC,IntgCagInfo(SYNTHETIC),2026-07-26 05:32:53.301751+00:00,OK,True
KRUSN,2026,037,V7AB3,엠에쓰 드림,케미칼운반선,KR,대한민국,MRN50971,BL100093,MBL31325,O,수입,정일1부두,액체,메탄올,1230,PORT-MIS 실선종 기반,벌크,펌프,TON,47922.2,47922.2,울산,휴스턴,2026-07-24 00:00:00+00:00,반입,UPA_SYNTHETIC,IntgCagInfo(SYNTHETIC),2026-07-26 05:32:53.301751+00:00,OK,True
KRUSN,2026,072,180020,두라 5,석유제품운반선,KR,대한민국,MRN31742,BL316925,MBL63890,I,수출,신항일반부두,액체,나프타,1268,PORT-MIS 실선종 기반,벌크,펌프,TON,46744.7,46744.7,울산,휴스턴,2026-07-24 00:00:00+00:00,반입,UPA_SYNTHETIC,IntgCagInfo(SYNTHETIC),2026-07-26 05:32:53.301751+00:00,OK,True
KRUSN,2026,095,180020,두라 5,석유제품운반선,KR,대한민국,MRN82674,BL415454,MBL27890,I,수입,OTK1부두,액체,나프타,1268,PORT-MIS 실선종 기반,벌크,펌프,TON,43155.8,43155.8,울산,DALIAN,2026-07-24 00:00:00+00:00,반입,UPA_SYNTHETIC,IntgCagInfo(SYNTHETIC),2026-07-26 05:32:53.301751+00:00,OK,True
KRUSN,2026,114,CQ2859,GASCHEM CARIBIC,LPG운반선,KR,대한민국,MRN82184,BL484380,MBL51442,O,수출,제3부두,액체,부탄,1011,PORT-MIS 실선종 기반,벌크,펌프,TON,37323.3,37323.3,울산,휴스턴,2026-07-24 00:00:00+00:00,반입,UPA_SYNTHETIC,IntgCagInfo(SYNTHETIC),2026-07-26 05:32:53.301751+00:00,OK,True
KRUSN,2026,122,V7A3617,ANNE,LPG운반선,KR,대한민국,MRN73228,BL261427,MBL30706,I,수입,정일1부두,액체,LPG,1075,PORT-MIS 실선종 기반,벌크,펌프,TON,40045.3,40045.3,울산,여수,2026-07-24 00:00:00+00:00,반입,UPA_SYNTHETIC,IntgCagInfo(SYNTHETIC),2026-07-26 05:32:53.301751+00:00,OK,True
KRUSN,2026,080,130095,스카이로얄,케미칼운반선,KR,대한민국,MRN63105,BL325958,MBL42489,I,수출,제3부두,액체,자일렌,1307,PORT-MIS 실선종 기반,벌크,펌프,TON,31175.4,31175.4,울산,DALIAN,2026-07-24 00:00:00+00:00,반입,UPA_SYNTHETIC,IntgCagInfo(SYNTHETIC),2026-07-26 05:32:53.301751+00:00,OK,True
KRUSN,2026,159,130095,스카이로얄,케미칼운반선,KR,대한민국,MRN66871,BL431301,MBL47542,I,수입,S-Oil 1부두,액체,스티렌,2055,PORT-MIS 실선종 기반,벌크,펌프,TON,36937.7,36937.7,울산,SINGAPORE,2026-07-24 00:00:00+00:00,반입,UPA_SYNTHETIC,IntgCagInfo(SYNTHETIC),2026-07-26 05:32:53.301751+00:00,OK,True
KRUSN,2026,101,130095,스카이로얄,케미칼운반선,KR,대한민국,MRN25772,BL791671,MBL50549,O,수입,신항일반부두,액체,아세톤,1090,PORT-MIS 실선종 기반,벌크,펌프,TON,7577.6,7577.6,울산,DALIAN,2026-07-24 00:00:00+00:00,반입,UPA_SYNTHETIC,IntgCagInfo(SYNTHETIC),2026-07-26 05:32:53.301751+00:00,OK,True
KRUSN,2026,063,D8BU,포천 카렌,케미칼운반선,KR,대한민국,MRN79523,BL301740,MBL54108,O,수출,SK8부두,액체,벤젠,1114,PORT-MIS 실선종 기반,벌크,펌프,TON,30806.9,30806.9,울산,휴스턴,2026-07-24 00:00:00+00:00,반입,UPA_SYNTHETIC,IntgCagInfo(SYNTHETIC),2026-07-26 05:32:53.301751+00:00,OK,True
KRUSN,2026,008,V7B3104,PILATUS 65,LPG운반선,KR,대한민국,MRN50570,BL182921,MBL27553,I,수입,신항일반부두,액체,LPG,1075,PORT-MIS 실선종 기반,벌크,펌프,TON,1061.8,1061.8,울산,여수,2026-07-24 00:00:00+00:00,반입,UPA_SYNTHETIC,IntgCagInfo(SYNTHETIC),2026-07-26 05:32:53.301751+00:00,OK,True
KRUSN,2026,164,V7B3104,PILATUS 65,LPG운반선,KR,대한민국,MRN87186,BL335328,MBL46439,O,수입,신항일반부두,액체,LPG,1075,PORT-MIS 실선종 기반,벌크,펌프,TON,18536.0,18536.0,울산,SINGAPORE,2026-07-24 00:00:00+00:00,반입,UPA_SYNTHETIC,IntgCagInfo(SYNTHETIC),2026-07-26 05:32:53.301751+00:00,OK,True
KRUSN,2026,022,V7B3104,PILATUS 65,LPG운반선,KR,대한민국,MRN77294,BL692681,MBL41854,I,수입,정일1부두,액체,부탄,1011,PORT-MIS 실선종 기반,벌크,펌프,TON,39092.7,39092.7,울산,여수,2026-07-24 00:00:00+00:00,반입,UPA_SYNTHETIC,IntgCagInfo(SYNTHETIC),2026-07-26 05:32:53.301751+00:00,OK,True
KRUSN,2026,042,D5DN6,CORAL PALMATA,LPG운반선,KR,대한민국,MRN14067,BL923112,MBL42861,O,수입,온산1부두,액체,프로판,1978,PORT-MIS 실선종 기반,벌크,펌프,TON,28087.7,28087.7,울산,DALIAN,2026-07-24 00:00:00+00:00,반입,UPA_SYNTHETIC,IntgCagInfo(SYNTHETIC),2026-07-26 05:32:53.301751+00:00,OK,True
KRUSN,2026,129,D5DN6,CORAL PALMATA,LPG운반선,KR,대한민국,MRN69212,BL812432,MBL37057,I,수출,신항일반부두,액체,부탄,1011,PORT-MIS 실선종 기반,벌크,펌프,TON,30754.8,30754.8,울산,DALIAN,2026-07-24 00:00:00+00:00,반입,UPA_SYNTHETIC,IntgCagInfo(SYNTHETIC),2026-07-26 05:32:53.301751+00:00,OK,True
KRUSN,2026,057,D5DN6,CORAL PALMATA,LPG운반선,KR,대한민국,MRN62900,BL901250,MBL12301,O,수출,SK8부두,액체,LPG,1075,PORT-MIS 실선종 기반,벌크,펌프,TON,7349.1,7349.1,울산,휴스턴,2026-07-24 00:00:00+00:00,반입,UPA_SYNTHETIC,IntgCagInfo(SYNTHETIC),2026-07-26 05:32:53.301751+00:00,OK,True
KRUSN,2026,180,300KTSRED,케이티에스 레드,석유제품운반선,KR,대한민국,MRN24053,BL888560,MBL92797,O,수출,SK2부두,액체,등유,1223,PORT-MIS 실선종 기반,벌크,펌프,TON,1838.5,1838.5,울산,DALIAN,2026-07-24 00:00:00+00:00,반입,UPA_SYNTHETIC,IntgCagInfo(SYNTHETIC),2026-07-26 05:32:53.301751+00:00,OK,True
KRUSN,2026,169,300KTSRED,케이티에스 레드,석유제품운반선,KR,대한민국,MRN57516,BL360242,MBL12330,O,수입,신항일반부두,액체,휘발유,1203,PORT-MIS 실선종 기반,벌크,펌프,TON,44137.5,44137.5,울산,DALIAN,2026-07-24 00:00:00+00:00,반입,UPA_SYNTHETIC,IntgCagInfo(SYNTHETIC),2026-07-26 05:32:53.301751+00:00,OK,True
KRUSN,2026,073,120011,봉은호,석유제품운반선,KR,대한민국,MRN33823,BL164074,MBL50698,I,수출,SK8부두,액체,등유,1223,PORT-MIS 실선종 기반,벌크,펌프,TON,4143.3,4143.3,울산,DALIAN,2026-07-24 00:00:00+00:00,반입,UPA_SYNTHETIC,IntgCagInfo(SYNTHETIC),2026-07-26 05:32:53.301751+00:00,OK,True
KRUSN,2026,165,206808,한남,석유제품운반선,KR,대한민국,MRN32609,BL997831,MBL10004,I,수출,온산1부두,액체,나프타,1268,PORT-MIS 실선종 기반,벌크,펌프,TON,34100.8,34100.8,울산,DALIAN,2026-07-24 00:00:00+00:00,반입,UPA_SYNTHETIC,IntgCagInfo(SYNTHETIC),2026-07-26 05:32:53.301751+00:00,OK,True
KRUSN,2026,069,206808,한남,석유제품운반선,KR,대한민국,MRN65154,BL825942,MBL99274,O,수입,제4부두,액체,경유,1202,PORT-MIS 실선종 기반,벌크,펌프,TON,31228.0,31228.0,울산,휴스턴,2026-07-24 00:00:00+00:00,반입,UPA_SYNTHETIC,IntgCagInfo(SYNTHETIC),2026-07-26 05:32:53.301751+00:00,OK,True
KRUSN,2026,041,206808,한남,석유제품운반선,KR,대한민국,MRN91777,BL776929,MBL49518,O,수입,OTK1부두,액체,나프타,1268,PORT-MIS 실선종 기반,벌크,펌프,TON,43943.1,43943.1,울산,휴스턴,2026-07-24 00:00:00+00:00,반입,UPA_SYNTHETIC,IntgCagInfo(SYNTHETIC),2026-07-26 05:32:53.301751+00:00,OK,True
KRUSN,2026,099,224816,루비오션호,석유제품운반선,KR,대한민국,MRN13030,BL699564,MBL96024,O,수출,S-Oil 1부두,액체,등유,1223,PORT-MIS 실선종 기반,벌크,펌프,TON,5458.3,5458.3,울산,SINGAPORE,2026-07-24 00:00:00+00:00,반입,UPA_SYNTHETIC,IntgCagInfo(SYNTHETIC),2026-07-26 05:32:53.301751+00:00,OK,True
KRUSN,2026,195,224816,루비오션호,석유제품운반선,KR,대한민국,MRN96753,BL883529,MBL90866,I,수출,SK2부두,액체,경유,1202,PORT-MIS 실선종 기반,벌크,펌프,TON,48100.6,48100.6,울산,SINGAPORE,2026-07-24 00:00:00+00:00,반입,UPA_SYNTHETIC,IntgCagInfo(SYNTHETIC),2026-07-26 05:32:53.301751+00:00,OK,True
KRUSN,2026,011,224816,루비오션호,석유제품운반선,KR,대한민국,MRN14363,BL461171,MBL25839,I,수입,OTK1부두,액체,휘발유,1203,PORT-MIS 실선종 기반,벌크,펌프,TON,14526.1,14526.1,울산,SINGAPORE,2026-07-24 00:00:00+00:00,반입,UPA_SYNTHETIC,IntgCagInfo(SYNTHETIC),2026-07-26 05:32:53.301751+00:00,OK,True
KRUSN,2026,071,210016,부광5호,석유제품운반선,KR,대한민국,MRN12328,BL154649,MBL83518,O,수출,온산1부두,액체,휘발유,1203,PORT-MIS 실선종 기반,벌크,펌프,TON,6800.8,6800.8,울산,여수,2026-07-24 00:00:00+00:00,반입,UPA_SYNTHETIC,IntgCagInfo(SYNTHETIC),2026-07-26 05:32:53.301751+00:00,OK,True
KRUSN,2026,050,210016,부광5호,석유제품운반선,KR,대한민국,MRN45807,BL157585,MBL70450,O,수출,S-Oil 1부두,액체,등유,1223,PORT-MIS 실선종 기반,벌크,펌프,TON,20162.5,20162.5,울산,SINGAPORE,2026-07-24 00:00:00+00:00,반입,UPA_SYNTHETIC,IntgCagInfo(SYNTHETIC),2026-07-26 05:32:53.301751+00:00,OK,True
KRUSN,2026,181,D7OH,BS ULSAN,케미칼운반선,KR,대한민국,MRN95559,BL216327,MBL26938,I,수출,제3부두,액체,아세톤,1090,PORT-MIS 실선종 기반,벌크,펌프,TON,24585.4,24585.4,울산,여수,2026-07-24 00:00:00+00:00,반입,UPA_SYNTHETIC,IntgCagInfo(SYNTHETIC),2026-07-26 05:32:53.301751+00:00,OK,True
KRUSN,2026,138,D7OH,BS ULSAN,케미칼운반선,KR,대한민국,MRN66281,BL254016,MBL79396,I,수입,SK2부두,액체,벤젠,1114,PORT-MIS 실선종 기반,벌크,펌프,TON,37351.1,37351.1,울산,여수,2026-07-24 00:00:00+00:00,반입,UPA_SYNTHETIC,IntgCagInfo(SYNTHETIC),2026-07-26 05:32:53.301751+00:00,OK,True
KRUSN,2026,022,3E4623,SILVER NEREIS,케미칼운반선,KR,대한민국,MRN78966,BL808109,MBL51848,O,수입,S-Oil 1부두,액체,메탄올,1230,PORT-MIS 실선종 기반,벌크,펌프,TON,3781.1,3781.1,울산,SINGAPORE,2026-07-24 00:00:00+00:00,반입,UPA_SYNTHETIC,IntgCagInfo(SYNTHETIC),2026-07-26 05:32:53.301751+00:00,OK,True
KRUSN,2026,036,3E4623,SILVER NEREIS,케미칼운반선,KR,대한민국,MRN54753,BL862681,MBL63966,O,수출,OTK1부두,액체,아세톤,1090,PORT-MIS 실선종 기반,벌크,펌프,TON,6474.4,6474.4,울산,휴스턴,2026-07-24 00:00:00+00:00,반입,UPA_SYNTHETIC,IntgCagInfo(SYNTHETIC),2026-07-26 05:32:53.301751+00:00,OK,True
KRUSN,2026,132,V7A5295,PS NEW ORLEANS,케미칼운반선,KR,대한민국,MRN35682,BL805359,MBL96418,I,수출,SK8부두,액체,톨루엔,1294,PORT-MIS 실선종 기반,벌크,펌프,TON,45985.7,45985.7,울산,SINGAPORE,2026-07-24 00:00:00+00:00,반입,UPA_SYNTHETIC,IntgCagInfo(SYNTHETIC),2026-07-26 05:32:53.301751+00:00,OK,True
KRUSN,2026,017,V7A5295,PS NEW ORLEANS,케미칼운반선,KR,대한민국,MRN89395,BL846668,MBL95137,O,수출,신항일반부두,액체,벤젠,1114,PORT-MIS 실선종 기반,벌크,펌프,TON,6573.7,6573.7,울산,SINGAPORE,2026-07-24 00:00:00+00:00,반입,UPA_SYNTHETIC,IntgCagInfo(SYNTHETIC),2026-07-26 05:32:53.301751+00:00,OK,True
KRUSN,2026,186,161063,우현,석유제품운반선,KR,대한민국,MRN12967,BL771893,MBL72251,I,수입,신항일반부두,액체,휘발유,1203,PORT-MIS 실선종 기반,벌크,펌프,TON,6082.4,6082.4,울산,여수,2026-07-24 00:00:00+00:00,반입,UPA_SYNTHETIC,IntgCagInfo(SYNTHETIC),2026-07-26 05:32:53.301751+00:00,OK,True
KRUSN,2026,165,D7BW,타이하이 5,케미칼운반선,KR,대한민국,MRN32723,BL458864,MBL71306,I,수입,제4부두,액체,아세톤,1090,PORT-MIS 실선종 기반,벌크,펌프,TON,38881.7,38881.7,울산,여수,2026-07-24 00:00:00+00:00,반입,UPA_SYNTHETIC,IntgCagInfo(SYNTHETIC),2026-07-26 05:32:53.301751+00:00,OK,True
KRUSN,2026,117,D7BW,타이하이 5,케미칼운반선,KR,대한민국,MRN13396,BL131466,MBL48140,O,수출,S-Oil 1부두,액체,톨루엔,1294,PORT-MIS 실선종 기반,벌크,펌프,TON,4909.3,4909.3,울산,SINGAPORE,2026-07-24 00:00:00+00:00,반입,UPA_SYNTHETIC,IntgCagInfo(SYNTHETIC),2026-07-26 05:32:53.301751+00:00,OK,True
KRUSN,2026,196,D7BW,타이하이 5,케미칼운반선,KR,대한민국,MRN86660,BL520851,MBL96900,O,수입,정일1부두,액체,톨루엔,1294,PORT-MIS 실선종 기반,벌크,펌프,TON,47043.4,47043.4,울산,SINGAPORE,2026-07-24 00:00:00+00:00,반입,UPA_SYNTHETIC,IntgCagInfo(SYNTHETIC),2026-07-26 05:32:53.301751+00:00,OK,True
KRUSN,2026,101,192827,우성,석유제품운반선,KR,대한민국,MRN25125,BL325896,MBL92756,O,수입,OTK1부두,액체,휘발유,1203,PORT-MIS 실선종 기반,벌크,펌프,TON,31196.7,31196.7,울산,DALIAN,2026-07-24 00:00:00+00:00,반입,UPA_SYNTHETIC,IntgCagInfo(SYNTHETIC),2026-07-26 05:32:53.301751+00:00,OK,True
KRUSN,2026,186,192827,우성,석유제품운반선,KR,대한민국,MRN85626,BL828456,MBL90820,I,수출,OTK1부두,액체,휘발유,1203,PORT-MIS 실선종 기반,벌크,펌프,TON,22601.8,22601.8,울산,휴스턴,2026-07-24 00:00:00+00:00,반입,UPA_SYNTHETIC,IntgCagInfo(SYNTHETIC),2026-07-26 05:32:53.301751+00:00,OK,True
KRUSN,2026,055,091031,우빈호,석유제품운반선,KR,대한민국,MRN47909,BL596003,MBL55861,O,수출,정일1부두,액체,경유,1202,PORT-MIS 실선종 기반,벌크,펌프,TON,29501.2,29501.2,울산,DALIAN,2026-07-24 00:00:00+00:00,반입,UPA_SYNTHETIC,IntgCagInfo(SYNTHETIC),2026-07-26 05:32:53.301751+00:00,OK,True
KRUSN,2026,130,091031,우빈호,석유제품운반선,KR,대한민국,MRN38096,BL992476,MBL17832,O,수입,가스부두,액체,휘발유,1203,PORT-MIS 실선종 기반,벌크,펌프,TON,31231.9,31231.9,울산,여수,2026-07-24 00:00:00+00:00,반입,UPA_SYNTHETIC,IntgCagInfo(SYNTHETIC),2026-07-26 05:32:53.301751+00:00,OK,True
KRUSN,2026,131,D7CT,프리티 하나,케미칼운반선,KR,대한민국,MRN47728,BL348300,MBL16988,O,수출,신항일반부두,액체,스티렌,2055,PORT-MIS 실선종 기반,벌크,펌프,TON,28356.6,28356.6,울산,SINGAPORE,2026-07-24 00:00:00+00:00,반입,UPA_SYNTHETIC,IntgCagInfo(SYNTHETIC),2026-07-26 05:32:53.301751+00:00,OK,True
KRUSN,2026,060,D7QL,BS DAESAN,케미칼운반선,KR,대한민국,MRN20055,BL993330,MBL74269,O,수입,SK8부두,액체,자일렌,1307,PORT-MIS 실선종 기반,벌크,펌프,TON,11176.0,11176.0,울산,휴스턴,2026-07-24 00:00:00+00:00,반입,UPA_SYNTHETIC,IntgCagInfo(SYNTHETIC),2026-07-26 05:32:53.301751+00:00,OK,True
KRUSN,2026,157,DSRP4,한유 빅토리아,석유제품운반선,KR,대한민국,MRN40608,BL110117,MBL74610,I,수입,SK2부두,액체,휘발유,1203,PORT-MIS 실선종 기반,벌크,펌프,TON,26213.3,26213.3,울산,여수,2026-07-24 00:00:00+00:00,반입,UPA_SYNTHETIC,IntgCagInfo(SYNTHETIC),2026-07-26 05:32:53.301751+00:00,OK,True
KRUSN,2026,161,DSRP4,한유 빅토리아,석유제품운반선,KR,대한민국,MRN44724,BL775391,MBL58622,I,수출,제4부두,액체,휘발유,1203,PORT-MIS 실선종 기반,벌크,펌프,TON,29869.8,29869.8,울산,DALIAN,2026-07-24 00:00:00+00:00,반입,UPA_SYNTHETIC,IntgCagInfo(SYNTHETIC),2026-07-26 05:32:53.301751+00:00,OK,True
KRUSN,2026,013,DSRP4,한유 빅토리아,석유제품운반선,KR,대한민국,MRN67420,BL688773,MBL73163,O,수출,S-Oil 1부두,액체,경유,1202,PORT-MIS 실선종 기반,벌크,펌프,TON,29176.9,29176.9,울산,DALIAN,2026-07-24 00:00:00+00:00,반입,UPA_SYNTHETIC,IntgCagInfo(SYNTHETIC),2026-07-26 05:32:53.301751+00:00,OK,True
KRUSN,2026,068,HZAK,SIDR,원유운반선,KR,대한민국,MRN16865,BL429661,MBL31895,I,수입,OTK1부두,액체,원유,1267,PORT-MIS 실선종 기반,벌크,펌프,TON,22468.1,22468.1,울산,DALIAN,2026-07-24 00:00:00+00:00,반입,UPA_SYNTHETIC,IntgCagInfo(SYNTHETIC),2026-07-26 05:32:53.301751+00:00,OK,True
KRUSN,2026,176,224805,다온,석유제품운반선,KR,대한민국,MRN96418,BL101477,MBL86375,I,수출,신항일반부두,액체,나프타,1268,PORT-MIS 실선종 기반,벌크,펌프,TON,17659.6,17659.6,울산,DALIAN,2026-07-24 00:00:00+00:00,반입,UPA_SYNTHETIC,IntgCagInfo(SYNTHETIC),2026-07-26 05:32:53.301751+00:00,OK,True
KRUSN,2026,182,224805,다온,석유제품운반선,KR,대한민국,MRN45391,BL552779,MBL88911,O,수출,신항일반부두,액체,휘발유,1203,PORT-MIS 실선종 기반,벌크,펌프,TON,18583.6,18583.6,울산,휴스턴,2026-07-24 00:00:00+00:00,반입,UPA_SYNTHETIC,IntgCagInfo(SYNTHETIC),2026-07-26 05:32:53.301751+00:00,OK,True
KRUSN,2026,187,224805,다온,석유제품운반선,KR,대한민국,MRN34923,BL447257,MBL50613,O,수출,S-Oil 1부두,액체,휘발유,1203,PORT-MIS 실선종 기반,벌크,펌프,TON,10294.2,10294.2,울산,SINGAPORE,2026-07-24 00:00:00+00:00,반입,UPA_SYNTHETIC,IntgCagInfo(SYNTHETIC),2026-07-26 05:32:53.301751+00:00,OK,True
KRUSN,2026,134,230007,카리스(CHARIS),석유제품운반선,KR,대한민국,MRN49747,BL500976,MBL89233,I,수입,SK2부두,액체,나프타,1268,PORT-MIS 실선종 기반,벌크,펌프,TON,16417.3,16417.3,울산,SINGAPORE,2026-07-24 00:00:00+00:00,반입,UPA_SYNTHETIC,IntgCagInfo(SYNTHETIC),2026-07-26 05:32:53.301751+00:00,OK,True
KRUSN,2026,106,230007,카리스(CHARIS),석유제품운반선,KR,대한민국,MRN61841,BL718271,MBL36839,O,수출,신항일반부두,액체,경유,1202,PORT-MIS 실선종 기반,벌크,펌프,TON,44459.2,44459.2,울산,DALIAN,2026-07-24 00:00:00+00:00,반입,UPA_SYNTHETIC,IntgCagInfo(SYNTHETIC),2026-07-26 05:32:53.301751+00:00,OK,True
KRUSN,2026,197,DSMS2,우춘호,석유제품운반선,KR,대한민국,MRN63092,BL762754,MBL62735,O,수출,OTK1부두,액체,휘발유,1203,PORT-MIS 실선종 기반,벌크,펌프,TON,10639.3,10639.3,울산,SINGAPORE,2026-07-24 00:00:00+00:00,반입,UPA_SYNTHETIC,IntgCagInfo(SYNTHETIC),2026-07-26 05:32:53.301751+00:00,OK,True
KRUSN,2026,086,V7OE9,MALBEC LEGEND,케미칼운반선,KR,대한민국,MRN96402,BL710297,MBL58193,I,수입,제3부두,액체,자일렌,1307,PORT-MIS 실선종 기반,벌크,펌프,TON,32651.7,32651.7,울산,SINGAPORE,2026-07-24 00:00:00+00:00,반입,UPA_SYNTHETIC,IntgCagInfo(SYNTHETIC),2026-07-26 05:32:53.301751+00:00,OK,True
KRUSN,2026,036,V7OE9,MALBEC LEGEND,케미칼운반선,KR,대한민국,MRN27499,BL166890,MBL74561,I,수출,신항일반부두,액체,벤젠,1114,PORT-MIS 실선종 기반,벌크,펌프,TON,35424.4,35424.4,울산,DALIAN,2026-07-24 00:00:00+00:00,반입,UPA_SYNTHETIC,IntgCagInfo(SYNTHETIC),2026-07-26 05:32:53.301751+00:00,OK,True
KRUSN,2026,001,CQ2129,BOCHEM ROTTERDAM,석유제품운반선,KR,대한민국,MRN78984,BL699471,MBL63619,I,수출,정일1부두,액체,휘발유,1203,PORT-MIS 실선종 기반,벌크,펌프,TON,41018.7,41018.7,울산,DALIAN,2026-07-24 00:00:00+00:00,반입,UPA_SYNTHETIC,IntgCagInfo(SYNTHETIC),2026-07-26 05:32:53.301751+00:00,OK,True
KRUSN,2026,027,CQ2129,BOCHEM ROTTERDAM,석유제품운반선,KR,대한민국,MRN50592,BL582340,MBL77190,O,수입,S-Oil 1부두,액체,등유,1223,PORT-MIS 실선종 기반,벌크,펌프,TON,20812.6,20812.6,울산,여수,2026-07-24 00:00:00+00:00,반입,UPA_SYNTHETIC,IntgCagInfo(SYNTHETIC),2026-07-26 05:32:53.301751+00:00,OK,True
KRUSN,2026,016,D7OC,오션 주피터,케미칼운반선,KR,대한민국,MRN81363,BL468388,MBL12484,O,수출,가스부두,액체,스티렌,2055,PORT-MIS 실선종 기반,벌크,펌프,TON,14776.5,14776.5,울산,DALIAN,2026-07-24 00:00:00+00:00,반입,UPA_SYNTHETIC,IntgCagInfo(SYNTHETIC),2026-07-26 05:32:53.301751+00:00,OK,True
KRUSN,2026,172,D7OC,오션 주피터,케미칼운반선,KR,대한민국,MRN62267,BL518968,MBL36284,O,수출,SK2부두,액체,메탄올,1230,PORT-MIS 실선종 기반,벌크,펌프,TON,12361.0,12361.0,울산,여수,2026-07-24 00:00:00+00:00,반입,UPA_SYNTHETIC,IntgCagInfo(SYNTHETIC),2026-07-26 05:32:53.301751+00:00,OK,True
KRUSN,2026,168,D7OC,오션 주피터,케미칼운반선,KR,대한민국,MRN70270,BL568592,MBL63448,I,수출,SK2부두,액체,톨루엔,1294,PORT-MIS 실선종 기반,벌크,펌프,TON,18231.9,18231.9,울산,SINGAPORE,2026-07-24 00:00:00+00:00,반입,UPA_SYNTHETIC,IntgCagInfo(SYNTHETIC),2026-07-26 05:32:53.301751+00:00,OK,True
KRUSN,2026,082,190008,부광호,석유제품운반선,KR,대한민국,MRN51898,BL565143,MBL46783,O,수출,S-Oil 1부두,액체,경유,1202,PORT-MIS 실선종 기반,벌크,펌프,TON,755.9,755.9,울산,여수,2026-07-24 00:00:00+00:00,반입,UPA_SYNTHETIC,IntgCagInfo(SYNTHETIC),2026-07-26 05:32:53.301751+00:00,OK,True
KRUSN,2026,151,190008,부광호,석유제품운반선,KR,대한민국,MRN67554,BL439042,MBL51763,O,수출,제3부두,액체,경유,1202,PORT-MIS 실선종 기반,벌크,펌프,TON,19627.7,19627.7,울산,SINGAPORE,2026-07-24 00:00:00+00:00,반입,UPA_SYNTHETIC,IntgCagInfo(SYNTHETIC),2026-07-26 05:32:53.301751+00:00,OK,True
KRUSN,2026,072,D7XD,거영 블루 7,석유제품운반선,KR,대한민국,MRN98445,BL842407,MBL59310,I,수출,제3부두,액체,경유,1202,PORT-MIS 실선종 기반,벌크,펌프,TON,44376.5,44376.5,울산,여수,2026-07-24 00:00:00+00:00,반입,UPA_SYNTHETIC,IntgCagInfo(SYNTHETIC),2026-07-26 05:32:53.301751+00:00,OK,True
KRUSN,2026,048,D7XD,거영 블루 7,석유제품운반선,KR,대한민국,MRN58095,BL616615,MBL10288,O,수출,제3부두,액체,나프타,1268,PORT-MIS 실선종 기반,벌크,펌프,TON,18494.4,18494.4,울산,SINGAPORE,2026-07-24 00:00:00+00:00,반입,UPA_SYNTHETIC,IntgCagInfo(SYNTHETIC),2026-07-26 05:32:53.301751+00:00,OK,True
KRUSN,2026,034,D7XD,거영 블루 7,석유제품운반선,KR,대한민국,MRN27764,BL364728,MBL96474,O,수입,온산1부두,액체,등유,1223,PORT-MIS 실선종 기반,벌크,펌프,TON,28513.6,28513.6,울산,SINGAPORE,2026-07-24 00:00:00+00:00,반입,UPA_SYNTHETIC,IntgCagInfo(SYNTHETIC),2026-07-26 05:32:53.301751+00:00,OK,True
KRUSN,2026,146,DSRK4,제이앤 에메랄드,석유제품운반선,KR,대한민국,MRN86491,BL454518,MBL80467,O,수출,제3부두,액체,경유,1202,PORT-MIS 실선종 기반,벌크,펌프,TON,27838.6,27838.6,울산,여수,2026-07-24 00:00:00+00:00,반입,UPA_SYNTHETIC,IntgCagInfo(SYNTHETIC),2026-07-26 05:32:53.301751+00:00,OK,True
KRUSN,2026,174,DSRK4,제이앤 에메랄드,석유제품운반선,KR,대한민국,MRN53491,BL739807,MBL43865,I,수입,가스부두,액체,등유,1223,PORT-MIS 실선종 기반,벌크,펌프,TON,34225.0,34225.0,울산,SINGAPORE,2026-07-24 00:00:00+00:00,반입,UPA_SYNTHETIC,IntgCagInfo(SYNTHETIC),2026-07-26 05:32:53.301751+00:00,OK,True
KRUSN,2026,158,DSRK4,제이앤 에메랄드,석유제품운반선,KR,대한민국,MRN96940,BL161547,MBL94394,I,수출,SK2부두,액체,나프타,1268,PORT-MIS 실선종 기반,벌크,펌프,TON,18443.0,18443.0,울산,DALIAN,2026-07-24 00:00:00+00:00,반입,UPA_SYNTHETIC,IntgCagInfo(SYNTHETIC),2026-07-26 05:32:53.301751+00:00,OK,True
KRUSN,2026,035,3E8881,SUN BIRDIE,석유제품운반선,KR,대한민국,MRN49608,BL263091,MBL33348,I,수출,OTK1부두,액체,경유,1202,PORT-MIS 실선종 기반,벌크,펌프,TON,23334.3,23334.3,울산,SINGAPORE,2026-07-24 00:00:00+00:00,반입,UPA_SYNTHETIC,IntgCagInfo(SYNTHETIC),2026-07-26 05:32:53.301751+00:00,OK,True
KRUSN,2026,068,3E8881,SUN BIRDIE,석유제품운반선,KR,대한민국,MRN59011,BL102136,MBL99666,O,수입,신항일반부두,액체,휘발유,1203,PORT-MIS 실선종 기반,벌크,펌프,TON,41583.7,41583.7,울산,SINGAPORE,2026-07-24 00:00:00+00:00,반입,UPA_SYNTHETIC,IntgCagInfo(SYNTHETIC),2026-07-26 05:32:53.301751+00:00,OK,True
KRUSN,2026,093,3E8881,SUN BIRDIE,석유제품운반선,KR,대한민국,MRN52898,BL384081,MBL96136,I,수입,SK2부두,액체,나프타,1268,PORT-MIS 실선종 기반,벌크,펌프,TON,33370.6,33370.6,울산,DALIAN,2026-07-24 00:00:00+00:00,반입,UPA_SYNTHETIC,IntgCagInfo(SYNTHETIC),2026-07-26 05:32:53.301751+00:00,OK,True
KRUSN,2026,098,140052,세양글로리,석유제품운반선,KR,대한민국,MRN47517,BL288653,MBL41885,I,수출,제3부두,액체,경유,1202,PORT-MIS 실선종 기반,벌크,펌프,TON,47517.9,47517.9,울산,휴스턴,2026-07-24 00:00:00+00:00,반입,UPA_SYNTHETIC,IntgCagInfo(SYNTHETIC),2026-07-26 05:32:53.301751+00:00,OK,True
KRUSN,2026,036,140052,세양글로리,석유제품운반선,KR,대한민국,MRN39043,BL322298,MBL72992,I,수출,SK2부두,액체,휘발유,1203,PORT-MIS 실선종 기반,벌크,펌프,TON,35356.4,35356.4,울산,SINGAPORE,2026-07-24 00:00:00+00:00,반입,UPA_SYNTHETIC,IntgCagInfo(SYNTHETIC),2026-07-26 05:32:53.301751+00:00,OK,True
KRUSN,2026,139,140052,세양글로리,석유제품운반선,KR,대한민국,MRN74864,BL992957,MBL79132,O,수출,신항일반부두,액체,경유,1202,PORT-MIS 실선종 기반,벌크,펌프,TON,40339.5,40339.5,울산,SINGAPORE,2026-07-24 00:00:00+00:00,반입,UPA_SYNTHETIC,IntgCagInfo(SYNTHETIC),2026-07-26 05:32:53.301751+00:00,OK,True
KRUSN,2026,128,230024,경성호,석유제품운반선,KR,대한민국,MRN31293,BL615557,MBL91467,O,수입,온산1부두,액체,등유,1223,PORT-MIS 실선종 기반,벌크,펌프,TON,23887.2,23887.2,울산,SINGAPORE,2026-07-24 00:00:00+00:00,반입,UPA_SYNTHETIC,IntgCagInfo(SYNTHETIC),2026-07-26 05:32:53.301751+00:00,OK,True
KRUSN,2026,047,230024,경성호,석유제품운반선,KR,대한민국,MRN24873,BL344368,MBL45092,O,수입,S-Oil 1부두,액체,나프타,1268,PORT-MIS 실선종 기반,벌크,펌프,TON,36951.7,36951.7,울산,DALIAN,2026-07-24 00:00:00+00:00,반입,UPA_SYNTHETIC,IntgCagInfo(SYNTHETIC),2026-07-26 05:32:53.301751+00:00,OK,True
KRUSN,2026,143,230024,경성호,석유제품운반선,KR,대한민국,MRN52615,BL178832,MBL93811,I,수입,온산1부두,액체,휘발유,1203,PORT-MIS 실선종 기반,벌크,펌프,TON,15282.9,15282.9,울산,휴스턴,2026-07-24 00:00:00+00:00,반입,UPA_SYNTHETIC,IntgCagInfo(SYNTHETIC),2026-07-26 05:32:53.301751+00:00,OK,True
KRUSN,2026,112,DSNA3,제1한미르호,석유제품운반선,KR,대한민국,MRN92997,BL922928,MBL11596,O,수출,정일1부두,액체,휘발유,1203,PORT-MIS 실선종 기반,벌크,펌프,TON,37599.6,37599.6,울산,DALIAN,2026-07-24 00:00:00+00:00,반입,UPA_SYNTHETIC,IntgCagInfo(SYNTHETIC),2026-07-26 05:32:53.301751+00:00,OK,True
KRUSN,2026,135,230010,스카이마스,석유제품운반선,KR,대한민국,MRN93412,BL277619,MBL63249,I,수입,가스부두,액체,나프타,1268,PORT-MIS 실선종 기반,벌크,펌프,TON,46615.4,46615.4,울산,DALIAN,2026-07-24 00:00:00+00:00,반입,UPA_SYNTHETIC,IntgCagInfo(SYNTHETIC),2026-07-26 05:32:53.301751+00:00,OK,True
KRUSN,2026,039,230010,스카이마스,석유제품운반선,KR,대한민국,MRN86399,BL872560,MBL48591,I,수입,온산1부두,액체,경유,1202,PORT-MIS 실선종 기반,벌크,펌프,TON,33601.7,33601.7,울산,DALIAN,2026-07-24 00:00:00+00:00,반입,UPA_SYNTHETIC,IntgCagInfo(SYNTHETIC),2026-07-26 05:32:53.301751+00:00,OK,True
KRUSN,2026,061,230010,스카이마스,석유제품운반선,KR,대한민국,MRN88265,BL183442,MBL85551,O,수출,제3부두,액체,경유,1202,PORT-MIS 실선종 기반,벌크,펌프,TON,42559.6,42559.6,울산,휴스턴,2026-07-24 00:00:00+00:00,반입,UPA_SYNTHETIC,IntgCagInfo(SYNTHETIC),2026-07-26 05:32:53.301751+00:00,OK,True
KRUSN,2026,048,H3RU,GINGA LION,석유제품운반선,KR,대한민국,MRN47651,BL206754,MBL28532,I,수입,정일1부두,액체,경유,1202,PORT-MIS 실선종 기반,벌크,펌프,TON,10075.8,10075.8,울산,SINGAPORE,2026-07-24 00:00:00+00:00,반입,UPA_SYNTHETIC,IntgCagInfo(SYNTHETIC),2026-07-26 05:32:53.301751+00:00,OK,True
KRUSN,2026,044,H3RU,GINGA LION,석유제품운반선,KR,대한민국,MRN80065,BL467233,MBL22474,I,수출,SK2부두,액체,경유,1202,PORT-MIS 실선종 기반,벌크,펌프,TON,41900.6,41900.6,울산,DALIAN,2026-07-24 00:00:00+00:00,반입,UPA_SYNTHETIC,IntgCagInfo(SYNTHETIC),2026-07-26 05:32:53.301751+00:00,OK,True
KRUSN,2026,004,H3RU,GINGA LION,석유제품운반선,KR,대한민국,MRN92784,BL381869,MBL44747,I,수입,제3부두,액체,등유,1223,PORT-MIS 실선종 기반,벌크,펌프,TON,26582.4,26582.4,울산,SINGAPORE,2026-07-24 00:00:00+00:00,반입,UPA_SYNTHETIC,IntgCagInfo(SYNTHETIC),2026-07-26 05:32:53.301751+00:00,OK,True
KRUSN,2026,081,H3UD,AKANE,석유제품운반선,KR,대한민국,MRN85617,BL876344,MBL17366,I,수입,S-Oil 1부두,액체,휘발유,1203,PORT-MIS 실선종 기반,벌크,펌프,TON,42188.8,42188.8,울산,휴스턴,2026-07-24 00:00:00+00:00,반입,UPA_SYNTHETIC,IntgCagInfo(SYNTHETIC),2026-07-26 05:32:53.301751+00:00,OK,True
KRUSN,2026,169,H3UD,AKANE,석유제품운반선,KR,대한민국,MRN22616,BL652794,MBL20421,I,수출,S-Oil 1부두,액체,나프타,1268,PORT-MIS 실선종 기반,벌크,펌프,TON,17017.3,17017.3,울산,휴스턴,2026-07-24 00:00:00+00:00,반입,UPA_SYNTHETIC,IntgCagInfo(SYNTHETIC),2026-07-26 05:32:53.301751+00:00,OK,True
KRUSN,2026,089,H3UD,AKANE,석유제품운반선,KR,대한민국,MRN62615,BL983996,MBL73214,O,수입,OTK1부두,액체,등유,1223,PORT-MIS 실선종 기반,벌크,펌프,TON,15465.7,15465.7,울산,휴스턴,2026-07-24 00:00:00+00:00,반입,UPA_SYNTHETIC,IntgCagInfo(SYNTHETIC),2026-07-26 05:32:53.301751+00:00,OK,True
KRUSN,2026,077,UBFM8,PEGAS,석유제품운반선,KR,대한민국,MRN22435,BL980819,MBL70863,I,수출,S-Oil 1부두,액체,휘발유,1203,PORT-MIS 실선종 기반,벌크,펌프,TON,34843.4,34843.4,울산,SINGAPORE,2026-07-24 00:00:00+00:00,반입,UPA_SYNTHETIC,IntgCagInfo(SYNTHETIC),2026-07-26 05:32:53.301751+00:00,OK,True
KRUSN,2026,041,UBFM8,PEGAS,석유제품운반선,KR,대한민국,MRN18406,BL400972,MBL75104,O,수출,SK8부두,액체,휘발유,1203,PORT-MIS 실선종 기반,벌크,펌프,TON,47387.6,47387.6,울산,SINGAPORE,2026-07-24 00:00:00+00:00,반입,UPA_SYNTHETIC,IntgCagInfo(SYNTHETIC),2026-07-26 05:32:53.301751+00:00,OK,True
KRUSN,2026,049,UBFM8,PEGAS,석유제품운반선,KR,대한민국,MRN19195,BL376071,MBL62235,O,수출,신항일반부두,액체,나프타,1268,PORT-MIS 실선종 기반,벌크,펌프,TON,33323.0,33323.0,울산,휴스턴,2026-07-24 00:00:00+00:00,반입,UPA_SYNTHETIC,IntgCagInfo(SYNTHETIC),2026-07-26 05:32:53.301751+00:00,OK,True
KRUSN,2026,118,161064,우석호,석유제품운반선,KR,대한민국,MRN56766,BL146460,MBL16258,O,수출,정일1부두,액체,경유,1202,PORT-MIS 실선종 기반,벌크,펌프,TON,19172.4,19172.4,울산,SINGAPORE,2026-07-24 00:00:00+00:00,반입,UPA_SYNTHETIC,IntgCagInfo(SYNTHETIC),2026-07-26 05:32:53.301751+00:00,OK,True
KRUSN,2026,027,9HPO9,CESTENI,케미칼운반선,KR,대한민국,MRN73796,BL207474,MBL43000,O,수출,가스부두,액체,톨루엔,1294,PORT-MIS 실선종 기반,벌크,펌프,TON,17100.3,17100.3,울산,SINGAPORE,2026-07-24 00:00:00+00:00,반입,UPA_SYNTHETIC,IntgCagInfo(SYNTHETIC),2026-07-26 05:32:53.301751+00:00,OK,True
KRUSN,2026,097,9HPO9,CESTENI,케미칼운반선,KR,대한민국,MRN55472,BL862398,MBL70405,O,수입,SK8부두,액체,아세톤,1090,PORT-MIS 실선종 기반,벌크,펌프,TON,12094.0,12094.0,울산,여수,2026-07-24 00:00:00+00:00,반입,UPA_SYNTHETIC,IntgCagInfo(SYNTHETIC),2026-07-26 05:32:53.301751+00:00,OK,True
KRUSN,2026,063,VRWJ9,DM EMERALD,석유제품운반선,KR,대한민국,MRN68082,BL893594,MBL72792,I,수입,OTK1부두,액체,경유,1202,PORT-MIS 실선종 기반,벌크,펌프,TON,41731.8,41731.8,울산,DALIAN,2026-07-24 00:00:00+00:00,반입,UPA_SYNTHETIC,IntgCagInfo(SYNTHETIC),2026-07-26 05:32:53.301751+00:00,OK,True
KRUSN,2026,001,VRWJ9,DM EMERALD,석유제품운반선,KR,대한민국,MRN84532,BL345341,MBL33356,O,수출,제4부두,액체,경유,1202,PORT-MIS 실선종 기반,벌크,펌프,TON,2660.1,2660.1,울산,DALIAN,2026-07-24 00:00:00+00:00,반입,UPA_SYNTHETIC,IntgCagInfo(SYNTHETIC),2026-07-26 05:32:53.301751+00:00,OK,True
KRUSN,2026,177,180003,세양프라임,케미칼운반선,KR,대한민국,MRN10564,BL210532,MBL28219,O,수출,정일1부두,액체,톨루엔,1294,PORT-MIS 실선종 기반,벌크,펌프,TON,44122.6,44122.6,울산,휴스턴,2026-07-24 00:00:00+00:00,반입,UPA_SYNTHETIC,IntgCagInfo(SYNTHETIC),2026-07-26 05:32:53.301751+00:00,OK,True
KRUSN,2026,055,180003,세양프라임,케미칼운반선,KR,대한민국,MRN16795,BL710070,MBL85303,O,수출,OTK1부두,액체,메탄올,1230,PORT-MIS 실선종 기반,벌크,펌프,TON,564.9,564.9,울산,휴스턴,2026-07-24 00:00:00+00:00,반입,UPA_SYNTHETIC,IntgCagInfo(SYNTHETIC),2026-07-26 05:32:53.301751+00:00,OK,True
KRUSN,2026,161,180003,세양프라임,케미칼운반선,KR,대한민국,MRN71119,BL372716,MBL57272,O,수입,OTK1부두,액체,메탄올,1230,PORT-MIS 실선종 기반,벌크,펌프,TON,19965.6,19965.6,울산,휴스턴,2026-07-24 00:00:00+00:00,반입,UPA_SYNTHETIC,IntgCagInfo(SYNTHETIC),2026-07-26 05:32:53.301751+00:00,OK,True
KRUSN,2026,159,9V5491,째즈,석유제품운반선,KR,대한민국,MRN97712,BL583614,MBL22882,O,수입,제3부두,액체,경유,1202,PORT-MIS 실선종 기반,벌크,펌프,TON,47230.2,47230.2,울산,여수,2026-07-24 00:00:00+00:00,반입,UPA_SYNTHETIC,IntgCagInfo(SYNTHETIC),2026-07-26 05:32:53.301751+00:00,OK,True
KRUSN,2026,105,9V5491,째즈,석유제품운반선,KR,대한민국,MRN57276,BL870876,MBL12783,O,수입,신항일반부두,액체,경유,1202,PORT-MIS 실선종 기반,벌크,펌프,TON,15863.1,15863.1,울산,휴스턴,2026-07-24 00:00:00+00:00,반입,UPA_SYNTHETIC,IntgCagInfo(SYNTHETIC),2026-07-26 05:32:53.301751+00:00,OK,True
KRUSN,2026,132,9V5491,째즈,석유제품운반선,KR,대한민국,MRN59389,BL265734,MBL53367,I,수입,온산1부두,액체,나프타,1268,PORT-MIS 실선종 기반,벌크,펌프,TON,35744.0,35744.0,울산,DALIAN,2026-07-24 00:00:00+00:00,반입,UPA_SYNTHETIC,IntgCagInfo(SYNTHETIC),2026-07-26 05:32:53.301751+00:00,OK,True
KRUSN,2026,197,3E5246,OCEAN THUNDER,원유운반선,KR,대한민국,MRN79807,BL761295,MBL87954,I,수출,제3부두,액체,원유,1267,PORT-MIS 실선종 기반,벌크,펌프,TON,16635.4,16635.4,울산,SINGAPORE,2026-07-24 00:00:00+00:00,반입,UPA_SYNTHETIC,IntgCagInfo(SYNTHETIC),2026-07-26 05:32:53.301751+00:00,OK,True
KRUSN,2026,107,3E5246,OCEAN THUNDER,원유운반선,KR,대한민국,MRN85570,BL540117,MBL87329,I,수출,SK2부두,액체,원유,1267,PORT-MIS 실선종 기반,벌크,펌프,TON,22142.0,22142.0,울산,여수,2026-07-24 00:00:00+00:00,반입,UPA_SYNTHETIC,IntgCagInfo(SYNTHETIC),2026-07-26 05:32:53.301751+00:00,OK,True
KRUSN,2026,048,3E3683,SAEHAN ASTRO,LPG운반선,KR,대한민국,MRN27237,BL207254,MBL99762,I,수출,신항일반부두,액체,부탄,1011,PORT-MIS 실선종 기반,벌크,펌프,TON,29448.7,29448.7,울산,휴스턴,2026-07-24 00:00:00+00:00,반입,UPA_SYNTHETIC,IntgCagInfo(SYNTHETIC),2026-07-26 05:32:53.301751+00:00,OK,True
KRUSN,2026,082,236808,한동27호,석유제품운반선,KR,대한민국,MRN75152,BL796661,MBL93820,I,수출,정일1부두,액체,경유,1202,PORT-MIS 실선종 기반,벌크,펌프,TON,12242.9,12242.9,울산,휴스턴,2026-07-24 00:00:00+00:00,반입,UPA_SYNTHETIC,IntgCagInfo(SYNTHETIC),2026-07-26 05:32:53.301751+00:00,OK,True
KRUSN,2026,075,240030,스프링 알파,케미칼운반선,KR,대한민국,MRN49282,BL810537,MBL57994,I,수입,S-Oil 1부두,액체,톨루엔,1294,PORT-MIS 실선종 기반,벌크,펌프,TON,38455.9,38455.9,울산,DALIAN,2026-07-24 00:00:00+00:00,반입,UPA_SYNTHETIC,IntgCagInfo(SYNTHETIC),2026-07-26 05:32:53.301751+00:00,OK,True
KRUSN,2026,166,240030,스프링 알파,케미칼운반선,KR,대한민국,MRN93855,BL336292,MBL83174,I,수출,SK8부두,액체,자일렌,1307,PORT-MIS 실선종 기반,벌크,펌프,TON,3322.7,3322.7,울산,DALIAN,2026-07-24 00:00:00+00:00,반입,UPA_SYNTHETIC,IntgCagInfo(SYNTHETIC),2026-07-26 05:32:53.301751+00:00,OK,True
KRUSN,2026,125,D7PX,방콕 케미,석유제품운반선,KR,대한민국,MRN48974,BL596495,MBL71824,O,수출,SK8부두,액체,휘발유,1203,PORT-MIS 실선종 기반,벌크,펌프,TON,18470.2,18470.2,울산,DALIAN,2026-07-24 00:00:00+00:00,반입,UPA_SYNTHETIC,IntgCagInfo(SYNTHETIC),2026-07-26 05:32:53.301751+00:00,OK,True
KRUSN,2026,069,162805,유한1호,기타유조선,KR,대한민국,MRN51924,BL523285,MBL76603,O,수출,온산1부두,액체,석유제품(기타),1268,PORT-MIS 실선종 기반,벌크,펌프,TON,40675.0,40675.0,울산,DALIAN,2026-07-24 00:00:00+00:00,반입,UPA_SYNTHETIC,IntgCagInfo(SYNTHETIC),2026-07-26 05:32:53.301751+00:00,OK,True
KRUSN,2026,083,162805,유한1호,기타유조선,KR,대한민국,MRN97502,BL860787,MBL13558,O,수출,S-Oil 1부두,액체,석유제품(기타),1268,PORT-MIS 실선종 기반,벌크,펌프,TON,35737.1,35737.1,울산,휴스턴,2026-07-24 00:00:00+00:00,반입,UPA_SYNTHETIC,IntgCagInfo(SYNTHETIC),2026-07-26 05:32:53.301751+00:00,OK,True
KRUSN,2026,179,V7BL6,GARNET EXPRESS,케미칼운반선,KR,대한민국,MRN12118,BL806377,MBL10537,O,수출,제3부두,액체,벤젠,1114,PORT-MIS 실선종 기반,벌크,펌프,TON,2871.0,2871.0,울산,DALIAN,2026-07-24 00:00:00+00:00,반입,UPA_SYNTHETIC,IntgCagInfo(SYNTHETIC),2026-07-26 05:32:53.301751+00:00,OK,True
KRUSN,2026,052,V7BL6,GARNET EXPRESS,케미칼운반선,KR,대한민국,MRN61487,BL282879,MBL19511,I,수출,제3부두,액체,벤젠,1114,PORT-MIS 실선종 기반,벌크,펌프,TON,30432.9,30432.9,울산,여수,2026-07-24 00:00:00+00:00,반입,UPA_SYNTHETIC,IntgCagInfo(SYNTHETIC),2026-07-26 05:32:53.301751+00:00,OK,True
KRUSN,2026,161,V7BL6,GARNET EXPRESS,케미칼운반선,KR,대한민국,MRN58103,BL436772,MBL55084,I,수출,OTK1부두,액체,아세톤,1090,PORT-MIS 실선종 기반,벌크,펌프,TON,48485.9,48485.9,울산,여수,2026-07-24 00:00:00+00:00,반입,UPA_SYNTHETIC,IntgCagInfo(SYNTHETIC),2026-07-26 05:32:53.301751+00:00,OK,True
KRUSN,2026,137,9HA4739,IRINI N. LEMOS,원유운반선,KR,대한민국,MRN79409,BL444053,MBL90491,I,수입,SK8부두,액체,원유,1267,PORT-MIS 실선종 기반,벌크,펌프,TON,32424.8,32424.8,울산,SINGAPORE,2026-07-24 00:00:00+00:00,반입,UPA_SYNTHETIC,IntgCagInfo(SYNTHETIC),2026-07-26 05:32:53.301751+00:00,OK,True
KRUSN,2026,195,9HA4739,IRINI N. LEMOS,원유운반선,KR,대한민국,MRN42281,BL156219,MBL30515,O,수출,SK8부두,액체,원유,1267,PORT-MIS 실선종 기반,벌크,펌프,TON,48810.4,48810.4,울산,여수,2026-07-24 00:00:00+00:00,반입,UPA_SYNTHETIC,IntgCagInfo(SYNTHETIC),2026-07-26 05:32:53.301751+00:00,OK,True
KRUSN,2026,103,CQ2252,BOCHEM SHANGHAI,석유제품운반선,KR,대한민국,MRN86896,BL347312,MBL18345,I,수출,SK8부두,액체,경유,1202,PORT-MIS 실선종 기반,벌크,펌프,TON,49247.8,49247.8,울산,휴스턴,2026-07-24 00:00:00+00:00,반입,UPA_SYNTHETIC,IntgCagInfo(SYNTHETIC),2026-07-26 05:32:53.301751+00:00,OK,True
KRUSN,2026,112,9V8783,STOLT TSUBAKI,석유제품운반선,KR,대한민국,MRN71384,BL620252,MBL67865,O,수입,제3부두,액체,휘발유,1203,PORT-MIS 실선종 기반,벌크,펌프,TON,34014.5,34014.5,울산,DALIAN,2026-07-24 00:00:00+00:00,반입,UPA_SYNTHETIC,IntgCagInfo(SYNTHETIC),2026-07-26 05:32:53.301751+00:00,OK,True
KRUSN,2026,171,9V8783,STOLT TSUBAKI,석유제품운반선,KR,대한민국,MRN96382,BL719879,MBL69521,O,수입,정일1부두,액체,경유,1202,PORT-MIS 실선종 기반,벌크,펌프,TON,19315.3,19315.3,울산,SINGAPORE,2026-07-24 00:00:00+00:00,반입,UPA_SYNTHETIC,IntgCagInfo(SYNTHETIC),2026-07-26 05:32:53.301751+00:00,OK,True
KRUSN,2026,147,9V8783,STOLT TSUBAKI,석유제품운반선,KR,대한민국,MRN40365,BL374880,MBL26966,I,수출,SK2부두,액체,경유,1202,PORT-MIS 실선종 기반,벌크,펌프,TON,15185.0,15185.0,울산,여수,2026-07-24 00:00:00+00:00,반입,UPA_SYNTHETIC,IntgCagInfo(SYNTHETIC),2026-07-26 05:32:53.301751+00:00,OK,True
KRUSN,2026,098,D7US,거영썬5,석유제품운반선,KR,대한민국,MRN31844,BL556711,MBL74964,I,수출,신항일반부두,액체,휘발유,1203,PORT-MIS 실선종 기반,벌크,펌프,TON,19940.4,19940.4,울산,여수,2026-07-24 00:00:00+00:00,반입,UPA_SYNTHETIC,IntgCagInfo(SYNTHETIC),2026-07-26 05:32:53.301751+00:00,OK,True
KRUSN,2026,138,3FIG4,WINNING ROAD,LPG운반선,KR,대한민국,MRN11430,BL554566,MBL63583,O,수출,가스부두,액체,LPG,1075,PORT-MIS 실선종 기반,벌크,펌프,TON,16710.9,16710.9,울산,휴스턴,2026-07-24 00:00:00+00:00,반입,UPA_SYNTHETIC,IntgCagInfo(SYNTHETIC),2026-07-26 05:32:53.301751+00:00,OK,True
KRUSN,2026,104,3FIG4,WINNING ROAD,LPG운반선,KR,대한민국,MRN12246,BL555303,MBL16169,O,수출,SK2부두,액체,프로판,1978,PORT-MIS 실선종 기반,벌크,펌프,TON,11511.0,11511.0,울산,SINGAPORE,2026-07-24 00:00:00+00:00,반입,UPA_SYNTHETIC,IntgCagInfo(SYNTHETIC),2026-07-26 05:32:53.301751+00:00,OK,True
KRUSN,2026,025,7JQC,RYOUMEI MARU,석유제품운반선,KR,대한민국,MRN24186,BL715784,MBL84372,O,수입,신항일반부두,액체,등유,1223,PORT-MIS 실선종 기반,벌크,펌프,TON,46208.3,46208.3,울산,휴스턴,2026-07-24 00:00:00+00:00,반입,UPA_SYNTHETIC,IntgCagInfo(SYNTHETIC),2026-07-26 05:32:53.301751+00:00,OK,True
KRUSN,2026,180,HOOB,SULFUR ADVANCE,케미칼운반선,KR,대한민국,MRN71269,BL163804,MBL36158,I,수출,제3부두,액체,스티렌,2055,PORT-MIS 실선종 기반,벌크,펌프,TON,13695.2,13695.2,울산,여수,2026-07-24 00:00:00+00:00,반입,UPA_SYNTHETIC,IntgCagInfo(SYNTHETIC),2026-07-26 05:32:53.301751+00:00,OK,True
KRUSN,2026,135,HOOB,SULFUR ADVANCE,케미칼운반선,KR,대한민국,MRN92300,BL822263,MBL74854,O,수출,가스부두,액체,벤젠,1114,PORT-MIS 실선종 기반,벌크,펌프,TON,20649.6,20649.6,울산,DALIAN,2026-07-24 00:00:00+00:00,반입,UPA_SYNTHETIC,IntgCagInfo(SYNTHETIC),2026-07-26 05:32:53.301751+00:00,OK,True
KRUSN,2026,199,D7GR,슈퍼 포르테,석유제품운반선,KR,대한민국,MRN74311,BL885760,MBL69206,O,수입,제4부두,액체,휘발유,1203,PORT-MIS 실선종 기반,벌크,펌프,TON,3231.5,3231.5,울산,DALIAN,2026-07-24 00:00:00+00:00,반입,UPA_SYNTHETIC,IntgCagInfo(SYNTHETIC),2026-07-26 05:32:53.301751+00:00,OK,True
KRUSN,2026,200,D7GR,슈퍼 포르테,석유제품운반선,KR,대한민국,MRN67482,BL180319,MBL41532,O,수입,SK2부두,액체,휘발유,1203,PORT-MIS 실선종 기반,벌크,펌프,TON,3580.4,3580.4,울산,DALIAN,2026-07-24 00:00:00+00:00,반입,UPA_SYNTHETIC,IntgCagInfo(SYNTHETIC),2026-07-26 05:32:53.301751+00:00,OK,True
KRUSN,2026,186,DSPD6,그레이스삼부,케미칼운반선,KR,대한민국,MRN21752,BL589161,MBL37566,O,수출,S-Oil 1부두,액체,톨루엔,1294,PORT-MIS 실선종 기반,벌크,펌프,TON,44656.1,44656.1,울산,휴스턴,2026-07-24 00:00:00+00:00,반입,UPA_SYNTHETIC,IntgCagInfo(SYNTHETIC),2026-07-26 05:32:53.301751+00:00,OK,True
KRUSN,2026,109,DSPD6,그레이스삼부,케미칼운반선,KR,대한민국,MRN33426,BL871199,MBL26303,O,수출,SK2부두,액체,아세톤,1090,PORT-MIS 실선종 기반,벌크,펌프,TON,49124.3,49124.3,울산,DALIAN,2026-07-24 00:00:00+00:00,반입,UPA_SYNTHETIC,IntgCagInfo(SYNTHETIC),2026-07-26 05:32:53.301751+00:00,OK,True
KRUSN,2026,028,DSPD6,그레이스삼부,케미칼운반선,KR,대한민국,MRN84937,BL462754,MBL80385,O,수입,S-Oil 1부두,액체,아세톤,1090,PORT-MIS 실선종 기반,벌크,펌프,TON,42799.5,42799.5,울산,DALIAN,2026-07-24 00:00:00+00:00,반입,UPA_SYNTHETIC,IntgCagInfo(SYNTHETIC),2026-07-26 05:32:53.301751+00:00,OK,True
KRUSN,2026,110,D7MW,제7에스제이가스호,LPG운반선,KR,대한민국,MRN11030,BL696671,MBL97468,I,수입,SK8부두,액체,부탄,1011,PORT-MIS 실선종 기반,벌크,펌프,TON,47217.0,47217.0,울산,SINGAPORE,2026-07-24 00:00:00+00:00,반입,UPA_SYNTHETIC,IntgCagInfo(SYNTHETIC),2026-07-26 05:32:53.301751+00:00,OK,True
KRUSN,2026,164,D7MW,제7에스제이가스호,LPG운반선,KR,대한민국,MRN62738,BL607838,MBL59411,I,수입,SK8부두,액체,부탄,1011,PORT-MIS 실선종 기반,벌크,펌프,TON,38385.6,38385.6,울산,여수,2026-07-24 00:00:00+00:00,반입,UPA_SYNTHETIC,IntgCagInfo(SYNTHETIC),2026-07-26 05:32:53.301751+00:00,OK,True
KRUSN,2026,080,D8HZ,골든 글로리,케미칼운반선,KR,대한민국,MRN74978,BL586847,MBL53085,O,수입,정일1부두,액체,아세톤,1090,PORT-MIS 실선종 기반,벌크,펌프,TON,21384.4,21384.4,울산,여수,2026-07-24 00:00:00+00:00,반입,UPA_SYNTHETIC,IntgCagInfo(SYNTHETIC),2026-07-26 05:32:53.301751+00:00,OK,True
KRUSN,2026,179,D8HZ,골든 글로리,케미칼운반선,KR,대한민국,MRN41020,BL519824,MBL20911,I,수입,가스부두,액체,벤젠,1114,PORT-MIS 실선종 기반,벌크,펌프,TON,12146.1,12146.1,울산,DALIAN,2026-07-24 00:00:00+00:00,반입,UPA_SYNTHETIC,IntgCagInfo(SYNTHETIC),2026-07-26 05:32:53.301751+00:00,OK,True
KRUSN,2026,007,D8HZ,골든 글로리,케미칼운반선,KR,대한민국,MRN61933,BL677881,MBL33915,O,수입,S-Oil 1부두,액체,벤젠,1114,PORT-MIS 실선종 기반,벌크,펌프,TON,32991.0,32991.0,울산,휴스턴,2026-07-24 00:00:00+00:00,반입,UPA_SYNTHETIC,IntgCagInfo(SYNTHETIC),2026-07-26 05:32:53.301751+00:00,OK,True
KRUSN,2026,092,3EWS3,SHOTAN,케미칼운반선,KR,대한민국,MRN74844,BL355632,MBL11728,O,수출,제3부두,액체,벤젠,1114,PORT-MIS 실선종 기반,벌크,펌프,TON,25231.1,25231.1,울산,여수,2026-07-24 00:00:00+00:00,반입,UPA_SYNTHETIC,IntgCagInfo(SYNTHETIC),2026-07-26 05:32:53.301751+00:00,OK,True
KRUSN,2026,170,3EWS3,SHOTAN,케미칼운반선,KR,대한민국,MRN38525,BL193961,MBL73313,I,수출,온산1부두,액체,톨루엔,1294,PORT-MIS 실선종 기반,벌크,펌프,TON,46848.0,46848.0,울산,여수,2026-07-24 00:00:00+00:00,반입,UPA_SYNTHETIC,IntgCagInfo(SYNTHETIC),2026-07-26 05:32:53.301751+00:00,OK,True
KRUSN,2026,179,7JBD,카시마 마루 10,LPG운반선,KR,대한민국,MRN51287,BL865539,MBL67318,O,수입,S-Oil 1부두,액체,LPG,1075,PORT-MIS 실선종 기반,벌크,펌프,TON,37265.9,37265.9,울산,SINGAPORE,2026-07-24 00:00:00+00:00,반입,UPA_SYNTHETIC,IntgCagInfo(SYNTHETIC),2026-07-26 05:32:53.301751+00:00,OK,True
KRUSN,2026,108,7JBD,카시마 마루 10,LPG운반선,KR,대한민국,MRN51227,BL650856,MBL58945,O,수입,SK2부두,액체,프로판,1978,PORT-MIS 실선종 기반,벌크,펌프,TON,31111.7,31111.7,울산,휴스턴,2026-07-24 00:00:00+00:00,반입,UPA_SYNTHETIC,IntgCagInfo(SYNTHETIC),2026-07-26 05:32:53.301751+00:00,OK,True
KRUSN,2026,161,D7AT,티앤 이둔,석유제품운반선,KR,대한민국,MRN40225,BL100674,MBL24891,O,수출,SK2부두,액체,경유,1202,PORT-MIS 실선종 기반,벌크,펌프,TON,23949.8,23949.8,울산,DALIAN,2026-07-24 00:00:00+00:00,반입,UPA_SYNTHETIC,IntgCagInfo(SYNTHETIC),2026-07-26 05:32:53.301751+00:00,OK,True
KRUSN,2026,079,D7AT,티앤 이둔,석유제품운반선,KR,대한민국,MRN28661,BL333774,MBL43591,I,수입,S-Oil 1부두,액체,나프타,1268,PORT-MIS 실선종 기반,벌크,펌프,TON,17244.5,17244.5,울산,여수,2026-07-24 00:00:00+00:00,반입,UPA_SYNTHETIC,IntgCagInfo(SYNTHETIC),2026-07-26 05:32:53.301751+00:00,OK,True
KRUSN,2026,183,D7AS,피닉스,케미칼운반선,KR,대한민국,MRN47349,BL221499,MBL68876,O,수출,SK8부두,액체,자일렌,1307,PORT-MIS 실선종 기반,벌크,펌프,TON,2421.1,2421.1,울산,DALIAN,2026-07-24 00:00:00+00:00,반입,UPA_SYNTHETIC,IntgCagInfo(SYNTHETIC),2026-07-26 05:32:53.301751+00:00,OK,True
KRUSN,2026,175,D7LG,거영썬3,석유제품운반선,KR,대한민국,MRN58252,BL831962,MBL35468,O,수출,제4부두,액체,나프타,1268,PORT-MIS 실선종 기반,벌크,펌프,TON,25416.0,25416.0,울산,여수,2026-07-24 00:00:00+00:00,반입,UPA_SYNTHETIC,IntgCagInfo(SYNTHETIC),2026-07-26 05:32:53.301751+00:00,OK,True
KRUSN,2026,136,D7LG,거영썬3,석유제품운반선,KR,대한민국,MRN56354,BL525577,MBL37199,I,수출,온산1부두,액체,휘발유,1203,PORT-MIS 실선종 기반,벌크,펌프,TON,21856.4,21856.4,울산,DALIAN,2026-07-24 00:00:00+00:00,반입,UPA_SYNTHETIC,IntgCagInfo(SYNTHETIC),2026-07-26 05:32:53.301751+00:00,OK,True
KRUSN,2026,097,D7LG,거영썬3,석유제품운반선,KR,대한민국,MRN79592,BL192165,MBL43915,I,수출,신항일반부두,액체,나프타,1268,PORT-MIS 실선종 기반,벌크,펌프,TON,36219.4,36219.4,울산,휴스턴,2026-07-24 00:00:00+00:00,반입,UPA_SYNTHETIC,IntgCagInfo(SYNTHETIC),2026-07-26 05:32:53.301751+00:00,OK,True
KRUSN,2026,060,120004,뉴동신호,석유제품운반선,KR,대한민국,MRN45632,BL146264,MBL40832,I,수입,제3부두,액체,휘발유,1203,PORT-MIS 실선종 기반,벌크,펌프,TON,48609.4,48609.4,울산,DALIAN,2026-07-24 00:00:00+00:00,반입,UPA_SYNTHETIC,IntgCagInfo(SYNTHETIC),2026-07-26 05:32:53.301751+00:00,OK,True
KRUSN,2026,155,120004,뉴동신호,석유제품운반선,KR,대한민국,MRN78663,BL971942,MBL74030,O,수입,신항일반부두,액체,등유,1223,PORT-MIS 실선종 기반,벌크,펌프,TON,16692.1,16692.1,울산,휴스턴,2026-07-24 00:00:00+00:00,반입,UPA_SYNTHETIC,IntgCagInfo(SYNTHETIC),2026-07-26 05:32:53.301751+00:00,OK,True
KRUSN,2026,117,120004,뉴동신호,석유제품운반선,KR,대한민국,MRN72714,BL923051,MBL27845,I,수출,신항일반부두,액체,나프타,1268,PORT-MIS 실선종 기반,벌크,펌프,TON,19463.3,19463.3,울산,여수,2026-07-24 00:00:00+00:00,반입,UPA_SYNTHETIC,IntgCagInfo(SYNTHETIC),2026-07-26 05:32:53.301751+00:00,OK,True
KRUSN,2026,121,ZGBH8,STOLT COMMITMENT,석유제품운반선,KR,대한민국,MRN74664,BL222877,MBL84534,I,수출,S-Oil 1부두,액체,나프타,1268,PORT-MIS 실선종 기반,벌크,펌프,TON,31209.6,31209.6,울산,DALIAN,2026-07-24 00:00:00+00:00,반입,UPA_SYNTHETIC,IntgCagInfo(SYNTHETIC),2026-07-26 05:32:53.301751+00:00,OK,True
KRUSN,2026,091,ZGBH8,STOLT COMMITMENT,석유제품운반선,KR,대한민국,MRN62730,BL773515,MBL92771,I,수입,S-Oil 1부두,액체,경유,1202,PORT-MIS 실선종 기반,벌크,펌프,TON,38666.5,38666.5,울산,휴스턴,2026-07-24 00:00:00+00:00,반입,UPA_SYNTHETIC,IntgCagInfo(SYNTHETIC),2026-07-26 05:32:53.301751+00:00,OK,True
KRUSN,2026,015,D7MA,한유 임페리얼,석유제품운반선,KR,대한민국,MRN53013,BL169045,MBL73877,I,수출,SK2부두,액체,등유,1223,PORT-MIS 실선종 기반,벌크,펌프,TON,18976.8,18976.8,울산,DALIAN,2026-07-24 00:00:00+00:00,반입,UPA_SYNTHETIC,IntgCagInfo(SYNTHETIC),2026-07-26 05:32:53.301751+00:00,OK,True
KRUSN,2026,042,D7MA,한유 임페리얼,석유제품운반선,KR,대한민국,MRN77803,BL295890,MBL60971,I,수출,가스부두,액체,나프타,1268,PORT-MIS 실선종 기반,벌크,펌프,TON,29790.2,29790.2,울산,휴스턴,2026-07-24 00:00:00+00:00,반입,UPA_SYNTHETIC,IntgCagInfo(SYNTHETIC),2026-07-26 05:32:53.301751+00:00,OK,True
KRUSN,2026,141,A8SE9,NEW PROSPECT,원유운반선,KR,대한민국,MRN16754,BL596033,MBL70019,I,수출,제3부두,액체,원유,1267,PORT-MIS 실선종 기반,벌크,펌프,TON,26518.1,26518.1,울산,SINGAPORE,2026-07-24 00:00:00+00:00,반입,UPA_SYNTHETIC,IntgCagInfo(SYNTHETIC),2026-07-26 05:32:53.301751+00:00,OK,True
KRUSN,2026,123,A8SE9,NEW PROSPECT,원유운반선,KR,대한민국,MRN49231,BL301591,MBL12129,I,수출,제4부두,액체,원유,1267,PORT-MIS 실선종 기반,벌크,펌프,TON,12048.8,12048.8,울산,여수,2026-07-24 00:00:00+00:00,반입,UPA_SYNTHETIC,IntgCagInfo(SYNTHETIC),2026-07-26 05:32:53.301751+00:00,OK,True
KRUSN,2026,167,DSQJ9,뉴 하모니,석유제품운반선,KR,대한민국,MRN67860,BL566059,MBL45749,O,수입,신항일반부두,액체,휘발유,1203,PORT-MIS 실선종 기반,벌크,펌프,TON,35290.4,35290.4,울산,SINGAPORE,2026-07-24 00:00:00+00:00,반입,UPA_SYNTHETIC,IntgCagInfo(SYNTHETIC),2026-07-26 05:32:53.301751+00:00,OK,True
KRUSN,2026,126,DSQJ9,뉴 하모니,석유제품운반선,KR,대한민국,MRN93707,BL880168,MBL67478,O,수입,정일1부두,액체,휘발유,1203,PORT-MIS 실선종 기반,벌크,펌프,TON,10636.6,10636.6,울산,여수,2026-07-24 00:00:00+00:00,반입,UPA_SYNTHETIC,IntgCagInfo(SYNTHETIC),2026-07-26 05:32:53.301751+00:00,OK,True
KRUSN,2026,070,V7A3853,MAGNATE,케미칼운반선,KR,대한민국,MRN82058,BL822090,MBL67632,I,수출,온산1부두,액체,스티렌,2055,PORT-MIS 실선종 기반,벌크,펌프,TON,39453.5,39453.5,울산,여수,2026-07-24 00:00:00+00:00,반입,UPA_SYNTHETIC,IntgCagInfo(SYNTHETIC),2026-07-26 05:32:53.301751+00:00,OK,True
KRUSN,2026,026,9V6325,PETREL PACIFIC,원유운반선,KR,대한민국,MRN88541,BL558380,MBL51189,O,수출,S-Oil 1부두,액체,원유,1267,PORT-MIS 실선종 기반,벌크,펌프,TON,27796.5,27796.5,울산,DALIAN,2026-07-24 00:00:00+00:00,반입,UPA_SYNTHETIC,IntgCagInfo(SYNTHETIC),2026-07-26 05:32:53.301751+00:00,OK,True
KRUSN,2026,112,3FXP5,BUENA SUERTE,LPG운반선,KR,대한민국,MRN80320,BL201124,MBL40649,I,수입,제3부두,액체,프로판,1978,PORT-MIS 실선종 기반,벌크,펌프,TON,47250.2,47250.2,울산,DALIAN,2026-07-24 00:00:00+00:00,반입,UPA_SYNTHETIC,IntgCagInfo(SYNTHETIC),2026-07-26 05:32:53.301751+00:00,OK,True
KRUSN,2026,055,D5YX9,ZAKUM,원유운반선,KR,대한민국,MRN96953,BL147074,MBL87723,I,수출,가스부두,액체,원유,1267,PORT-MIS 실선종 기반,벌크,펌프,TON,12039.2,12039.2,울산,DALIAN,2026-07-24 00:00:00+00:00,반입,UPA_SYNTHETIC,IntgCagInfo(SYNTHETIC),2026-07-26 05:32:53.301751+00:00,OK,True
KRUSN,2026,075,D5YX9,ZAKUM,원유운반선,KR,대한민국,MRN38997,BL632122,MBL28384,O,수입,SK2부두,액체,원유,1267,PORT-MIS 실선종 기반,벌크,펌프,TON,13185.1,13185.1,울산,휴스턴,2026-07-24 00:00:00+00:00,반입,UPA_SYNTHETIC,IntgCagInfo(SYNTHETIC),2026-07-26 05:32:53.301751+00:00,OK,True
KRUSN,2026,134,D5YX9,ZAKUM,원유운반선,KR,대한민국,MRN42747,BL864496,MBL54134,I,수출,제3부두,액체,원유,1267,PORT-MIS 실선종 기반,벌크,펌프,TON,10640.8,10640.8,울산,DALIAN,2026-07-24 00:00:00+00:00,반입,UPA_SYNTHETIC,IntgCagInfo(SYNTHETIC),2026-07-26 05:32:53.301751+00:00,OK,True
KRUSN,2026,189,VTPZ,SANMAR SAROD,석유제품운반선,KR,대한민국,MRN89257,BL676664,MBL27159,O,수입,신항일반부두,액체,나프타,1268,PORT-MIS 실선종 기반,벌크,펌프,TON,5899.3,5899.3,울산,휴스턴,2026-07-24 00:00:00+00:00,반입,UPA_SYNTHETIC,IntgCagInfo(SYNTHETIC),2026-07-26 05:32:53.301751+00:00,OK,True
KRUSN,2026,157,D7BV,하나 파이오니어,케미칼운반선,KR,대한민국,MRN35164,BL447652,MBL96720,O,수출,온산1부두,액체,자일렌,1307,PORT-MIS 실선종 기반,벌크,펌프,TON,8067.0,8067.0,울산,SINGAPORE,2026-07-24 00:00:00+00:00,반입,UPA_SYNTHETIC,IntgCagInfo(SYNTHETIC),2026-07-26 05:32:53.301751+00:00,OK,True
KRUSN,2026,083,D7BV,하나 파이오니어,케미칼운반선,KR,대한민국,MRN40447,BL524411,MBL31170,O,수출,제4부두,액체,아세톤,1090,PORT-MIS 실선종 기반,벌크,펌프,TON,24089.6,24089.6,울산,SINGAPORE,2026-07-24 00:00:00+00:00,반입,UPA_SYNTHETIC,IntgCagInfo(SYNTHETIC),2026-07-26 05:32:53.301751+00:00,OK,True
KRUSN,2026,058,D7BV,하나 파이오니어,케미칼운반선,KR,대한민국,MRN61913,BL668566,MBL19357,I,수입,SK8부두,액체,아세톤,1090,PORT-MIS 실선종 기반,벌크,펌프,TON,5342.7,5342.7,울산,DALIAN,2026-07-24 00:00:00+00:00,반입,UPA_SYNTHETIC,IntgCagInfo(SYNTHETIC),2026-07-26 05:32:53.301751+00:00,OK,True
KRUSN,2026,111,9V6271,HONOR GALAXY,석유제품운반선,KR,대한민국,MRN89594,BL840366,MBL79994,O,수입,OTK1부두,액체,나프타,1268,PORT-MIS 실선종 기반,벌크,펌프,TON,44940.5,44940.5,울산,SINGAPORE,2026-07-24 00:00:00+00:00,반입,UPA_SYNTHETIC,IntgCagInfo(SYNTHETIC),2026-07-26 05:32:53.301751+00:00,OK,True
KRUSN,2026,146,130064,에이원,석유제품운반선,KR,대한민국,MRN32498,BL974427,MBL94316,I,수입,정일1부두,액체,휘발유,1203,PORT-MIS 실선종 기반,벌크,펌프,TON,5611.5,5611.5,울산,SINGAPORE,2026-07-24 00:00:00+00:00,반입,UPA_SYNTHETIC,IntgCagInfo(SYNTHETIC),2026-07-26 05:32:53.301751+00:00,OK,True
KRUSN,2026,187,9V2088,BUENA FORTUNA,LPG운반선,KR,대한민국,MRN65665,BL858903,MBL36360,O,수출,가스부두,액체,부탄,1011,PORT-MIS 실선종 기반,벌크,펌프,TON,23658.6,23658.6,울산,SINGAPORE,2026-07-24 00:00:00+00:00,반입,UPA_SYNTHETIC,IntgCagInfo(SYNTHETIC),2026-07-26 05:32:53.301751+00:00,OK,True
KRUSN,2026,037,V7XH3,KAIMON GALAXY,석유제품운반선,KR,대한민국,MRN12974,BL474235,MBL34506,O,수출,SK2부두,액체,경유,1202,PORT-MIS 실선종 기반,벌크,펌프,TON,22765.1,22765.1,울산,여수,2026-07-24 00:00:00+00:00,반입,UPA_SYNTHETIC,IntgCagInfo(SYNTHETIC),2026-07-26 05:32:53.301751+00:00,OK,True
KRUSN,2026,064,CQ2857,GASCHEM AFRICA,LPG운반선,KR,대한민국,MRN91875,BL672099,MBL12030,O,수출,SK8부두,액체,부탄,1011,PORT-MIS 실선종 기반,벌크,펌프,TON,47760.5,47760.5,울산,휴스턴,2026-07-24 00:00:00+00:00,반입,UPA_SYNTHETIC,IntgCagInfo(SYNTHETIC),2026-07-26 05:32:53.301751+00:00,OK,True
KRUSN,2026,011,DSIU5,우금호,석유제품운반선,KR,대한민국,MRN84780,BL353877,MBL50858,I,수입,OTK1부두,액체,경유,1202,PORT-MIS 실선종 기반,벌크,펌프,TON,2269.0,2269.0,울산,휴스턴,2026-07-24 00:00:00+00:00,반입,UPA_SYNTHETIC,IntgCagInfo(SYNTHETIC),2026-07-26 05:32:53.301751+00:00,OK,True
KRUSN,2026,102,OVXS2,TORM DOVER,케미칼운반선,KR,대한민국,MRN42995,BL438290,MBL27587,O,수출,제3부두,액체,벤젠,1114,PORT-MIS 실선종 기반,벌크,펌프,TON,39778.8,39778.8,울산,SINGAPORE,2026-07-24 00:00:00+00:00,반입,UPA_SYNTHETIC,IntgCagInfo(SYNTHETIC),2026-07-26 05:32:53.301751+00:00,OK,True
KRUSN,2026,126,OVXS2,TORM DOVER,케미칼운반선,KR,대한민국,MRN48983,BL588890,MBL27194,O,수출,S-Oil 1부두,액체,자일렌,1307,PORT-MIS 실선종 기반,벌크,펌프,TON,35431.6,35431.6,울산,휴스턴,2026-07-24 00:00:00+00:00,반입,UPA_SYNTHETIC,IntgCagInfo(SYNTHETIC),2026-07-26 05:32:53.301751+00:00,OK,True
KRUSN,2026,062,VRSX6,LONG WIND,원유운반선,KR,대한민국,MRN19464,BL758755,MBL53716,O,수입,정일1부두,액체,원유,1267,PORT-MIS 실선종 기반,벌크,펌프,TON,23577.7,23577.7,울산,SINGAPORE,2026-07-24 00:00:00+00:00,반입,UPA_SYNTHETIC,IntgCagInfo(SYNTHETIC),2026-07-26 05:32:53.301751+00:00,OK,True
KRUSN,2026,029,SVDI4,마란 쏠론,원유운반선,KR,대한민국,MRN59534,BL694699,MBL53833,O,수입,제3부두,액체,원유,1267,PORT-MIS 실선종 기반,벌크,펌프,TON,14517.4,14517.4,울산,휴스턴,2026-07-24 00:00:00+00:00,반입,UPA_SYNTHETIC,IntgCagInfo(SYNTHETIC),2026-07-26 05:32:53.301751+00:00,OK,True
KRUSN,2026,111,SVDI4,마란 쏠론,원유운반선,KR,대한민국,MRN48722,BL457460,MBL76966,O,수입,정일1부두,액체,원유,1267,PORT-MIS 실선종 기반,벌크,펌프,TON,45361.8,45361.8,울산,휴스턴,2026-07-24 00:00:00+00:00,반입,UPA_SYNTHETIC,IntgCagInfo(SYNTHETIC),2026-07-26 05:32:53.301751+00:00,OK,True
KRUSN,2026,066,A8KO5,GHANA PROSPERITY,원유운반선,KR,대한민국,MRN30560,BL744385,MBL22967,I,수출,신항일반부두,액체,원유,1267,PORT-MIS 실선종 기반,벌크,펌프,TON,17944.4,17944.4,울산,여수,2026-07-24 00:00:00+00:00,반입,UPA_SYNTHETIC,IntgCagInfo(SYNTHETIC),2026-07-26 05:32:53.301751+00:00,OK,True
KRUSN,2026,060,A8KO5,GHANA PROSPERITY,원유운반선,KR,대한민국,MRN68351,BL321607,MBL31876,O,수출,OTK1부두,액체,원유,1267,PORT-MIS 실선종 기반,벌크,펌프,TON,16330.6,16330.6,울산,SINGAPORE,2026-07-24 00:00:00+00:00,반입,UPA_SYNTHETIC,IntgCagInfo(SYNTHETIC),2026-07-26 05:32:53.301751+00:00,OK,True
KRUSN,2026,050,A8KO5,GHANA PROSPERITY,원유운반선,KR,대한민국,MRN83552,BL687354,MBL52508,O,수출,가스부두,액체,원유,1267,PORT-MIS 실선종 기반,벌크,펌프,TON,44688.9,44688.9,울산,DALIAN,2026-07-24 00:00:00+00:00,반입,UPA_SYNTHETIC,IntgCagInfo(SYNTHETIC),2026-07-26 05:32:53.301751+00:00,OK,True
KRUSN,2026,057,D7BB,제이앤 카멜리아,석유제품운반선,KR,대한민국,MRN46742,BL553762,MBL31606,I,수입,S-Oil 1부두,액체,등유,1223,PORT-MIS 실선종 기반,벌크,펌프,TON,5963.8,5963.8,울산,여수,2026-07-24 00:00:00+00:00,반입,UPA_SYNTHETIC,IntgCagInfo(SYNTHETIC),2026-07-26 05:32:53.301751+00:00,OK,True
KRUSN,2026,092,D7BB,제이앤 카멜리아,석유제품운반선,KR,대한민국,MRN29532,BL873766,MBL26878,O,수출,OTK1부두,액체,휘발유,1203,PORT-MIS 실선종 기반,벌크,펌프,TON,10067.0,10067.0,울산,DALIAN,2026-07-24 00:00:00+00:00,반입,UPA_SYNTHETIC,IntgCagInfo(SYNTHETIC),2026-07-26 05:32:53.301751+00:00,OK,True
KRUSN,2026,164,D8HX,BS NGHI SON,케미칼운반선,KR,대한민국,MRN48371,BL435997,MBL51679,O,수입,신항일반부두,액체,자일렌,1307,PORT-MIS 실선종 기반,벌크,펌프,TON,9228.2,9228.2,울산,휴스턴,2026-07-24 00:00:00+00:00,반입,UPA_SYNTHETIC,IntgCagInfo(SYNTHETIC),2026-07-26 05:32:53.301751+00:00,OK,True
KRUSN,2026,112,BOFY7,ZHAO YUAN,LPG운반선,KR,대한민국,MRN65269,BL495607,MBL36391,I,수출,제4부두,액체,부탄,1011,PORT-MIS 실선종 기반,벌크,펌프,TON,18786.7,18786.7,울산,SINGAPORE,2026-07-24 00:00:00+00:00,반입,UPA_SYNTHETIC,IntgCagInfo(SYNTHETIC),2026-07-26 05:32:53.301751+00:00,OK,True
KRUSN,2026,086,BOFY7,ZHAO YUAN,LPG운반선,KR,대한민국,MRN85192,BL552358,MBL92914,I,수입,제3부두,액체,부탄,1011,PORT-MIS 실선종 기반,벌크,펌프,TON,48889.0,48889.0,울산,DALIAN,2026-07-24 00:00:00+00:00,반입,UPA_SYNTHETIC,IntgCagInfo(SYNTHETIC),2026-07-26 05:32:53.301751+00:00,OK,True
KRUSN,2026,186,111002,두라7,석유제품운반선,KR,대한민국,MRN47121,BL136827,MBL69706,O,수출,OTK1부두,액체,경유,1202,PORT-MIS 실선종 기반,벌크,펌프,TON,13908.1,13908.1,울산,SINGAPORE,2026-07-24 00:00:00+00:00,반입,UPA_SYNTHETIC,IntgCagInfo(SYNTHETIC),2026-07-26 05:32:53.301751+00:00,OK,True
KRUSN,2026,154,111002,두라7,석유제품운반선,KR,대한민국,MRN30721,BL415076,MBL64573,I,수출,제4부두,액체,경유,1202,PORT-MIS 실선종 기반,벌크,펌프,TON,31562.2,31562.2,울산,휴스턴,2026-07-24 00:00:00+00:00,반입,UPA_SYNTHETIC,IntgCagInfo(SYNTHETIC),2026-07-26 05:32:53.301751+00:00,OK,True
KRUSN,2026,150,111002,두라7,석유제품운반선,KR,대한민국,MRN41517,BL649844,MBL14139,I,수입,S-Oil 1부두,액체,등유,1223,PORT-MIS 실선종 기반,벌크,펌프,TON,23077.6,23077.6,울산,SINGAPORE,2026-07-24 00:00:00+00:00,반입,UPA_SYNTHETIC,IntgCagInfo(SYNTHETIC),2026-07-26 05:32:53.301751+00:00,OK,True
KRUSN,2026,001,DSMB,우혁,석유제품운반선,KR,대한민국,MRN34410,BL200815,MBL85299,O,수입,제4부두,액체,등유,1223,PORT-MIS 실선종 기반,벌크,펌프,TON,22728.7,22728.7,울산,휴스턴,2026-07-24 00:00:00+00:00,반입,UPA_SYNTHETIC,IntgCagInfo(SYNTHETIC),2026-07-26 05:32:53.301751+00:00,OK,True
KRUSN,2026,142,DSMB,우혁,석유제품운반선,KR,대한민국,MRN48041,BL324117,MBL71354,O,수출,신항일반부두,액체,나프타,1268,PORT-MIS 실선종 기반,벌크,펌프,TON,9189.5,9189.5,울산,DALIAN,2026-07-24 00:00:00+00:00,반입,UPA_SYNTHETIC,IntgCagInfo(SYNTHETIC),2026-07-26 05:32:53.301751+00:00,OK,True
KRUSN,2026,075,180010,두라스카이,석유제품운반선,KR,대한민국,MRN25078,BL261195,MBL77665,I,수입,가스부두,액체,등유,1223,PORT-MIS 실선종 기반,벌크,펌프,TON,23024.1,23024.1,울산,여수,2026-07-24 00:00:00+00:00,반입,UPA_SYNTHETIC,IntgCagInfo(SYNTHETIC),2026-07-26 05:32:53.301751+00:00,OK,True
KRUSN,2026,180,151058,미라클 알파,케미칼운반선,KR,대한민국,MRN90060,BL665206,MBL54503,I,수출,OTK1부두,액체,스티렌,2055,PORT-MIS 실선종 기반,벌크,펌프,TON,16394.2,16394.2,울산,여수,2026-07-24 00:00:00+00:00,반입,UPA_SYNTHETIC,IntgCagInfo(SYNTHETIC),2026-07-26 05:32:53.301751+00:00,OK,True
KRUSN,2026,145,151058,미라클 알파,케미칼운반선,KR,대한민국,MRN26294,BL385597,MBL68256,I,수입,온산1부두,액체,자일렌,1307,PORT-MIS 실선종 기반,벌크,펌프,TON,43863.7,43863.7,울산,SINGAPORE,2026-07-24 00:00:00+00:00,반입,UPA_SYNTHETIC,IntgCagInfo(SYNTHETIC),2026-07-26 05:32:53.301751+00:00,OK,True
KRUSN,2026,122,5LXE3,LUCKNAM,원유운반선,KR,대한민국,MRN34846,BL206362,MBL66653,I,수입,제3부두,액체,원유,1267,PORT-MIS 실선종 기반,벌크,펌프,TON,34247.7,34247.7,울산,DALIAN,2026-07-24 00:00:00+00:00,반입,UPA_SYNTHETIC,IntgCagInfo(SYNTHETIC),2026-07-26 05:32:53.301751+00:00,OK,True
KRUSN,2026,053,5LXE3,LUCKNAM,원유운반선,KR,대한민국,MRN33194,BL336371,MBL30444,I,수출,가스부두,액체,원유,1267,PORT-MIS 실선종 기반,벌크,펌프,TON,7530.3,7530.3,울산,휴스턴,2026-07-24 00:00:00+00:00,반입,UPA_SYNTHETIC,IntgCagInfo(SYNTHETIC),2026-07-26 05:32:53.301751+00:00,OK,True
KRUSN,2026,124,210019,동수1,석유제품운반선,KR,대한민국,MRN30673,BL734320,MBL50564,I,수출,신항일반부두,액체,등유,1223,PORT-MIS 실선종 기반,벌크,펌프,TON,46774.4,46774.4,울산,DALIAN,2026-07-24 00:00:00+00:00,반입,UPA_SYNTHETIC,IntgCagInfo(SYNTHETIC),2026-07-26 05:32:53.301751+00:00,OK,True
KRUSN,2026,060,210019,동수1,석유제품운반선,KR,대한민국,MRN32683,BL345589,MBL10202,I,수입,온산1부두,액체,휘발유,1203,PORT-MIS 실선종 기반,벌크,펌프,TON,14597.3,14597.3,울산,DALIAN,2026-07-24 00:00:00+00:00,반입,UPA_SYNTHETIC,IntgCagInfo(SYNTHETIC),2026-07-26 05:32:53.301751+00:00,OK,True
KRUSN,2026,171,BPBP5,DING HENG 22,석유제품운반선,KR,대한민국,MRN29461,BL938869,MBL40140,O,수입,SK2부두,액체,휘발유,1203,PORT-MIS 실선종 기반,벌크,펌프,TON,9944.6,9944.6,울산,휴스턴,2026-07-24 00:00:00+00:00,반입,UPA_SYNTHETIC,IntgCagInfo(SYNTHETIC),2026-07-26 05:32:53.301751+00:00,OK,True
KRUSN,2026,027,9V9441,TORM GEMMA,원유운반선,KR,대한민국,MRN57452,BL546480,MBL83922,I,수입,SK8부두,액체,원유,1267,PORT-MIS 실선종 기반,벌크,펌프,TON,28712.4,28712.4,울산,여수,2026-07-24 00:00:00+00:00,반입,UPA_SYNTHETIC,IntgCagInfo(SYNTHETIC),2026-07-26 05:32:53.301751+00:00,OK,True
KRUSN,2026,017,9V9441,TORM GEMMA,원유운반선,KR,대한민국,MRN24563,BL357273,MBL70298,I,수입,OTK1부두,액체,원유,1267,PORT-MIS 실선종 기반,벌크,펌프,TON,47330.0,47330.0,울산,여수,2026-07-24 00:00:00+00:00,반입,UPA_SYNTHETIC,IntgCagInfo(SYNTHETIC),2026-07-26 05:32:53.301751+00:00,OK,True
KRUSN,2026,103,9V9441,TORM GEMMA,원유운반선,KR,대한민국,MRN57923,BL321117,MBL54024,O,수입,SK8부두,액체,원유,1267,PORT-MIS 실선종 기반,벌크,펌프,TON,3280.9,3280.9,울산,SINGAPORE,2026-07-24 00:00:00+00:00,반입,UPA_SYNTHETIC,IntgCagInfo(SYNTHETIC),2026-07-26 05:32:53.301751+00:00,OK,True
KRUSN,2026,085,220031,대산,석유제품운반선,KR,대한민국,MRN83276,BL914704,MBL80627,O,수입,제3부두,액체,나프타,1268,PORT-MIS 실선종 기반,벌크,펌프,TON,9242.0,9242.0,울산,DALIAN,2026-07-24 00:00:00+00:00,반입,UPA_SYNTHETIC,IntgCagInfo(SYNTHETIC),2026-07-26 05:32:53.301751+00:00,OK,True
KRUSN,2026,039,220031,대산,석유제품운반선,KR,대한민국,MRN62417,BL402968,MBL73748,I,수입,온산1부두,액체,나프타,1268,PORT-MIS 실선종 기반,벌크,펌프,TON,8830.8,8830.8,울산,휴스턴,2026-07-24 00:00:00+00:00,반입,UPA_SYNTHETIC,IntgCagInfo(SYNTHETIC),2026-07-26 05:32:53.301751+00:00,OK,True
KRUSN,2026,012,088443,이에스 로즈,석유제품운반선,KR,대한민국,MRN40000,BL581176,MBL86314,O,수입,정일1부두,액체,휘발유,1203,PORT-MIS 실선종 기반,벌크,펌프,TON,2960.3,2960.3,울산,여수,2026-07-24 00:00:00+00:00,반입,UPA_SYNTHETIC,IntgCagInfo(SYNTHETIC),2026-07-26 05:32:53.301751+00:00,OK,True
KRUSN,2026,183,3E2396,SAEHAN CARINA,LPG운반선,KR,대한민국,MRN49101,BL393589,MBL30117,I,수입,SK8부두,액체,LPG,1075,PORT-MIS 실선종 기반,벌크,펌프,TON,20983.4,20983.4,울산,SINGAPORE,2026-07-24 00:00:00+00:00,반입,UPA_SYNTHETIC,IntgCagInfo(SYNTHETIC),2026-07-26 05:32:53.301751+00:00,OK,True
KRUSN,2026,030,3E2396,SAEHAN CARINA,LPG운반선,KR,대한민국,MRN60874,BL587258,MBL87745,O,수출,S-Oil 1부두,액체,LPG,1075,PORT-MIS 실선종 기반,벌크,펌프,TON,10981.9,10981.9,울산,DALIAN,2026-07-24 00:00:00+00:00,반입,UPA_SYNTHETIC,IntgCagInfo(SYNTHETIC),2026-07-26 05:32:53.301751+00:00,OK,True
KRUSN,2026,178,D7DD,오션에이스11,석유제품운반선,KR,대한민국,MRN91836,BL769127,MBL87597,I,수입,정일1부두,액체,휘발유,1203,PORT-MIS 실선종 기반,벌크,펌프,TON,5055.0,5055.0,울산,여수,2026-07-24 00:00:00+00:00,반입,UPA_SYNTHETIC,IntgCagInfo(SYNTHETIC),2026-07-26 05:32:53.301751+00:00,OK,True
KRUSN,2026,056,V7B2983,에프씨 아도니스,석유제품운반선,KR,대한민국,MRN17210,BL813018,MBL15687,O,수입,SK8부두,액체,경유,1202,PORT-MIS 실선종 기반,벌크,펌프,TON,49388.8,49388.8,울산,여수,2026-07-24 00:00:00+00:00,반입,UPA_SYNTHETIC,IntgCagInfo(SYNTHETIC),2026-07-26 05:32:53.301751+00:00,OK,True
KRUSN,2026,100,SVEB5,METRO LIVAS,원유운반선,KR,대한민국,MRN73442,BL107138,MBL80652,I,수입,온산1부두,액체,원유,1267,PORT-MIS 실선종 기반,벌크,펌프,TON,45356.5,45356.5,울산,여수,2026-07-24 00:00:00+00:00,반입,UPA_SYNTHETIC,IntgCagInfo(SYNTHETIC),2026-07-26 05:32:53.301751+00:00,OK,True
KRUSN,2026,086,SVEB5,METRO LIVAS,원유운반선,KR,대한민국,MRN23950,BL148440,MBL51761,O,수출,SK2부두,액체,원유,1267,PORT-MIS 실선종 기반,벌크,펌프,TON,23196.0,23196.0,울산,DALIAN,2026-07-24 00:00:00+00:00,반입,UPA_SYNTHETIC,IntgCagInfo(SYNTHETIC),2026-07-26 05:32:53.301751+00:00,OK,True
KRUSN,2026,183,D7XG,인피니티 삼부,석유제품운반선,KR,대한민국,MRN40517,BL367322,MBL39246,I,수입,정일1부두,액체,경유,1202,PORT-MIS 실선종 기반,벌크,펌프,TON,39039.8,39039.8,울산,휴스턴,2026-07-24 00:00:00+00:00,반입,UPA_SYNTHETIC,IntgCagInfo(SYNTHETIC),2026-07-26 05:32:53.301751+00:00,OK,True
KRUSN,2026,086,D8DX,씨가스,LPG운반선,KR,대한민국,MRN83810,BL393564,MBL62166,O,수입,제3부두,액체,부탄,1011,PORT-MIS 실선종 기반,벌크,펌프,TON,49909.6,49909.6,울산,여수,2026-07-24 00:00:00+00:00,반입,UPA_SYNTHETIC,IntgCagInfo(SYNTHETIC),2026-07-26 05:32:53.301751+00:00,OK,True
KRUSN,2026,019,240017,할라크,석유제품운반선,KR,대한민국,MRN59556,BL596234,MBL52226,I,수출,제3부두,액체,휘발유,1203,PORT-MIS 실선종 기반,벌크,펌프,TON,42607.6,42607.6,울산,SINGAPORE,2026-07-24 00:00:00+00:00,반입,UPA_SYNTHETIC,IntgCagInfo(SYNTHETIC),2026-07-26 05:32:53.301751+00:00,OK,True
KRUSN,2026,101,D7OO,골든 키 하나호,석유제품운반선,KR,대한민국,MRN15086,BL757120,MBL37182,I,수출,온산1부두,액체,경유,1202,PORT-MIS 실선종 기반,벌크,펌프,TON,40916.3,40916.3,울산,DALIAN,2026-07-24 00:00:00+00:00,반입,UPA_SYNTHETIC,IntgCagInfo(SYNTHETIC),2026-07-26 05:32:53.301751+00:00,OK,True
KRUSN,2026,074,3FTH3,BUENA LUNA,LPG운반선,KR,대한민국,MRN63236,BL903203,MBL21593,O,수입,SK8부두,액체,LPG,1075,PORT-MIS 실선종 기반,벌크,펌프,TON,38012.4,38012.4,울산,여수,2026-07-24 00:00:00+00:00,반입,UPA_SYNTHETIC,IntgCagInfo(SYNTHETIC),2026-07-26 05:32:53.301751+00:00,OK,True
KRUSN,2026,122,3FTH3,BUENA LUNA,LPG운반선,KR,대한민국,MRN59741,BL203273,MBL60266,I,수출,제3부두,액체,부탄,1011,PORT-MIS 실선종 기반,벌크,펌프,TON,49000.5,49000.5,울산,SINGAPORE,2026-07-24 00:00:00+00:00,반입,UPA_SYNTHETIC,IntgCagInfo(SYNTHETIC),2026-07-26 05:32:53.301751+00:00,OK,True
KRUSN,2026,058,3FTH3,BUENA LUNA,LPG운반선,KR,대한민국,MRN86945,BL834207,MBL73780,I,수출,S-Oil 1부두,액체,부탄,1011,PORT-MIS 실선종 기반,벌크,펌프,TON,7422.8,7422.8,울산,여수,2026-07-24 00:00:00+00:00,반입,UPA_SYNTHETIC,IntgCagInfo(SYNTHETIC),2026-07-26 05:32:53.301751+00:00,OK,True
KRUSN,2026,187,D8FO,디엘 로터스,LPG운반선,KR,대한민국,MRN39953,BL676918,MBL22899,O,수출,SK2부두,액체,부탄,1011,PORT-MIS 실선종 기반,벌크,펌프,TON,2474.8,2474.8,울산,DALIAN,2026-07-24 00:00:00+00:00,반입,UPA_SYNTHETIC,IntgCagInfo(SYNTHETIC),2026-07-26 05:32:53.301751+00:00,OK,True
KRUSN,2026,184,D8FO,디엘 로터스,LPG운반선,KR,대한민국,MRN15556,BL626143,MBL92995,I,수입,SK8부두,액체,프로판,1978,PORT-MIS 실선종 기반,벌크,펌프,TON,16423.0,16423.0,울산,여수,2026-07-24 00:00:00+00:00,반입,UPA_SYNTHETIC,IntgCagInfo(SYNTHETIC),2026-07-26 05:32:53.301751+00:00,OK,True
KRUSN,2026,152,3E3699,ENEOS WISDOM,LPG운반선,KR,대한민국,MRN63576,BL306620,MBL44929,O,수출,제3부두,액체,부탄,1011,PORT-MIS 실선종 기반,벌크,펌프,TON,47877.6,47877.6,울산,DALIAN,2026-07-24 00:00:00+00:00,반입,UPA_SYNTHETIC,IntgCagInfo(SYNTHETIC),2026-07-26 05:32:53.301751+00:00,OK,True
KRUSN,2026,098,3E3699,ENEOS WISDOM,LPG운반선,KR,대한민국,MRN26829,BL132314,MBL86874,O,수입,신항일반부두,액체,프로판,1978,PORT-MIS 실선종 기반,벌크,펌프,TON,16642.2,16642.2,울산,DALIAN,2026-07-24 00:00:00+00:00,반입,UPA_SYNTHETIC,IntgCagInfo(SYNTHETIC),2026-07-26 05:32:53.301751+00:00,OK,True
KRUSN,2026,107,D7CQ,우진,석유제품운반선,KR,대한민국,MRN21190,BL134116,MBL55120,O,수입,온산1부두,액체,등유,1223,PORT-MIS 실선종 기반,벌크,펌프,TON,38178.5,38178.5,울산,휴스턴,2026-07-24 00:00:00+00:00,반입,UPA_SYNTHETIC,IntgCagInfo(SYNTHETIC),2026-07-26 05:32:53.301751+00:00,OK,True
KRUSN,2026,106,D7CQ,우진,석유제품운반선,KR,대한민국,MRN85301,BL313334,MBL52223,I,수입,SK8부두,액체,휘발유,1203,PORT-MIS 실선종 기반,벌크,펌프,TON,21190.8,21190.8,울산,여수,2026-07-24 00:00:00+00:00,반입,UPA_SYNTHETIC,IntgCagInfo(SYNTHETIC),2026-07-26 05:32:53.301751+00:00,OK,True
KRUSN,2026,069,BPXC6,YUAN SHAN 9,LPG운반선,KR,대한민국,MRN71637,BL924562,MBL10597,O,수출,신항일반부두,액체,부탄,1011,PORT-MIS 실선종 기반,벌크,펌프,TON,13542.9,13542.9,울산,SINGAPORE,2026-07-24 00:00:00+00:00,반입,UPA_SYNTHETIC,IntgCagInfo(SYNTHETIC),2026-07-26 05:32:53.301751+00:00,OK,True
KRUSN,2026,140,3E7418,TORERO,기타유조선,KR,대한민국,MRN61382,BL276459,MBL15541,I,수입,OTK1부두,액체,석유제품(기타),1268,PORT-MIS 실선종 기반,벌크,펌프,TON,14912.3,14912.3,울산,여수,2026-07-24 00:00:00+00:00,반입,UPA_SYNTHETIC,IntgCagInfo(SYNTHETIC),2026-07-26 05:32:53.301751+00:00,OK,True
KRUSN,2026,037,3E7418,TORERO,기타유조선,KR,대한민국,MRN78706,BL246878,MBL49297,I,수출,제3부두,액체,석유제품(기타),1268,PORT-MIS 실선종 기반,벌크,펌프,TON,12971.8,12971.8,울산,여수,2026-07-24 00:00:00+00:00,반입,UPA_SYNTHETIC,IntgCagInfo(SYNTHETIC),2026-07-26 05:32:53.301751+00:00,OK,True
KRUSN,2026,093,DSQH9,뉴 글로벌,석유제품운반선,KR,대한민국,MRN74029,BL957267,MBL40449,O,수출,신항일반부두,액체,등유,1223,PORT-MIS 실선종 기반,벌크,펌프,TON,38874.3,38874.3,울산,여수,2026-07-24 00:00:00+00:00,반입,UPA_SYNTHETIC,IntgCagInfo(SYNTHETIC),2026-07-26 05:32:53.301751+00:00,OK,True
KRUSN,2026,055,DSQH9,뉴 글로벌,석유제품운반선,KR,대한민국,MRN57842,BL470248,MBL39294,I,수입,OTK1부두,액체,경유,1202,PORT-MIS 실선종 기반,벌크,펌프,TON,44302.0,44302.0,울산,SINGAPORE,2026-07-24 00:00:00+00:00,반입,UPA_SYNTHETIC,IntgCagInfo(SYNTHETIC),2026-07-26 05:32:53.301751+00:00,OK,True
KRUSN,2026,177,SVEA8,SEA ORCA,석유제품운반선,KR,대한민국,MRN23922,BL389822,MBL38239,O,수입,S-Oil 1부두,액체,등유,1223,PORT-MIS 실선종 기반,벌크,펌프,TON,21642.6,21642.6,울산,휴스턴,2026-07-24 00:00:00+00:00,반입,UPA_SYNTHETIC,IntgCagInfo(SYNTHETIC),2026-07-26 05:32:53.301751+00:00,OK,True
KRUSN,2026,108,BURT,CHANG HANG FEI CUI,석유제품운반선,KR,대한민국,MRN20858,BL638749,MBL67630,O,수입,OTK1부두,액체,등유,1223,PORT-MIS 실선종 기반,벌크,펌프,TON,42192.4,42192.4,울산,DALIAN,2026-07-24 00:00:00+00:00,반입,UPA_SYNTHETIC,IntgCagInfo(SYNTHETIC),2026-07-26 05:32:53.301751+00:00,OK,True
KRUSN,2026,176,BURT,CHANG HANG FEI CUI,석유제품운반선,KR,대한민국,MRN81494,BL382223,MBL17936,O,수입,제3부두,액체,나프타,1268,PORT-MIS 실선종 기반,벌크,펌프,TON,27509.4,27509.4,울산,휴스턴,2026-07-24 00:00:00+00:00,반입,UPA_SYNTHETIC,IntgCagInfo(SYNTHETIC),2026-07-26 05:32:53.301751+00:00,OK,True
KRUSN,2026,027,BURT,CHANG HANG FEI CUI,석유제품운반선,KR,대한민국,MRN97542,BL623649,MBL76154,I,수출,정일1부두,액체,나프타,1268,PORT-MIS 실선종 기반,벌크,펌프,TON,6038.1,6038.1,울산,SINGAPORE,2026-07-24 00:00:00+00:00,반입,UPA_SYNTHETIC,IntgCagInfo(SYNTHETIC),2026-07-26 05:32:53.301751+00:00,OK,True
KRUSN,2026,020,150035,한유파이오니아,석유제품운반선,KR,대한민국,MRN27414,BL871275,MBL24134,I,수입,신항일반부두,액체,나프타,1268,PORT-MIS 실선종 기반,벌크,펌프,TON,16584.9,16584.9,울산,여수,2026-07-24 00:00:00+00:00,반입,UPA_SYNTHETIC,IntgCagInfo(SYNTHETIC),2026-07-26 05:32:53.301751+00:00,OK,True
KRUSN,2026,135,150035,한유파이오니아,석유제품운반선,KR,대한민국,MRN80300,BL348688,MBL86594,I,수출,SK8부두,액체,경유,1202,PORT-MIS 실선종 기반,벌크,펌프,TON,38887.1,38887.1,울산,SINGAPORE,2026-07-24 00:00:00+00:00,반입,UPA_SYNTHETIC,IntgCagInfo(SYNTHETIC),2026-07-26 05:32:53.301751+00:00,OK,True
KRUSN,2026,056,BPNT4,TONG ZHOU 6,LPG운반선,KR,대한민국,MRN90963,BL951778,MBL40159,O,수입,OTK1부두,액체,LPG,1075,PORT-MIS 실선종 기반,벌크,펌프,TON,33290.2,33290.2,울산,DALIAN,2026-07-24 00:00:00+00:00,반입,UPA_SYNTHETIC,IntgCagInfo(SYNTHETIC),2026-07-26 05:32:53.301751+00:00,OK,True
KRUSN,2026,177,DSME,우림 7,석유제품운반선,KR,대한민국,MRN96325,BL160825,MBL57240,O,수입,SK2부두,액체,경유,1202,PORT-MIS 실선종 기반,벌크,펌프,TON,14494.8,14494.8,울산,SINGAPORE,2026-07-24 00:00:00+00:00,반입,UPA_SYNTHETIC,IntgCagInfo(SYNTHETIC),2026-07-26 05:32:53.301751+00:00,OK,True
KRUSN,2026,019,DSME,우림 7,석유제품운반선,KR,대한민국,MRN85889,BL105188,MBL34314,I,수입,온산1부두,액체,휘발유,1203,PORT-MIS 실선종 기반,벌크,펌프,TON,27312.9,27312.9,울산,SINGAPORE,2026-07-24 00:00:00+00:00,반입,UPA_SYNTHETIC,IntgCagInfo(SYNTHETIC),2026-07-26 05:32:53.301751+00:00,OK,True
KRUSN,2026,154,DSME,우림 7,석유제품운반선,KR,대한민국,MRN96263,BL806532,MBL54228,O,수출,제3부두,액체,휘발유,1203,PORT-MIS 실선종 기반,벌크,펌프,TON,41781.2,41781.2,울산,휴스턴,2026-07-24 00:00:00+00:00,반입,UPA_SYNTHETIC,IntgCagInfo(SYNTHETIC),2026-07-26 05:32:53.301751+00:00,OK,True
KRUSN,2026,162,912KG,케이티에스 골드,케미칼운반선,KR,대한민국,MRN70097,BL194990,MBL44226,O,수입,신항일반부두,액체,스티렌,2055,PORT-MIS 실선종 기반,벌크,펌프,TON,17710.4,17710.4,울산,휴스턴,2026-07-24 00:00:00+00:00,반입,UPA_SYNTHETIC,IntgCagInfo(SYNTHETIC),2026-07-26 05:32:53.301751+00:00,OK,True
KRUSN,2026,088,912KG,케이티에스 골드,케미칼운반선,KR,대한민국,MRN67769,BL282496,MBL28098,I,수입,신항일반부두,액체,톨루엔,1294,PORT-MIS 실선종 기반,벌크,펌프,TON,49765.7,49765.7,울산,여수,2026-07-24 00:00:00+00:00,반입,UPA_SYNTHETIC,IntgCagInfo(SYNTHETIC),2026-07-26 05:32:53.301751+00:00,OK,True
KRUSN,2026,018,912KG,케이티에스 골드,케미칼운반선,KR,대한민국,MRN44350,BL916808,MBL38705,I,수출,S-Oil 1부두,액체,메탄올,1230,PORT-MIS 실선종 기반,벌크,펌프,TON,12471.5,12471.5,울산,DALIAN,2026-07-24 00:00:00+00:00,반입,UPA_SYNTHETIC,IntgCagInfo(SYNTHETIC),2026-07-26 05:32:53.301751+00:00,OK,True
KRUSN,2026,108,9V9449,TORM GENESIS,원유운반선,KR,대한민국,MRN55767,BL192962,MBL24995,I,수입,SK2부두,액체,원유,1267,PORT-MIS 실선종 기반,벌크,펌프,TON,41164.4,41164.4,울산,DALIAN,2026-07-24 00:00:00+00:00,반입,UPA_SYNTHETIC,IntgCagInfo(SYNTHETIC),2026-07-26 05:32:53.301751+00:00,OK,True
KRUSN,2026,115,9V9449,TORM GENESIS,원유운반선,KR,대한민국,MRN84874,BL697233,MBL64392,O,수출,제4부두,액체,원유,1267,PORT-MIS 실선종 기반,벌크,펌프,TON,11246.0,11246.0,울산,여수,2026-07-24 00:00:00+00:00,반입,UPA_SYNTHETIC,IntgCagInfo(SYNTHETIC),2026-07-26 05:32:53.301751+00:00,OK,True
KRUSN,2026,142,D7QA,거제 코델리아,석유제품운반선,KR,대한민국,MRN57905,BL696072,MBL82652,O,수입,가스부두,액체,등유,1223,PORT-MIS 실선종 기반,벌크,펌프,TON,40078.2,40078.2,울산,여수,2026-07-24 00:00:00+00:00,반입,UPA_SYNTHETIC,IntgCagInfo(SYNTHETIC),2026-07-26 05:32:53.301751+00:00,OK,True
KRUSN,2026,097,084570,에프씨 그레이스호,석유제품운반선,KR,대한민국,MRN97775,BL907076,MBL33321,I,수입,SK2부두,액체,나프타,1268,PORT-MIS 실선종 기반,벌크,펌프,TON,8591.0,8591.0,울산,여수,2026-07-24 00:00:00+00:00,반입,UPA_SYNTHETIC,IntgCagInfo(SYNTHETIC),2026-07-26 05:32:53.301751+00:00,OK,True
KRUSN,2026,070,160014,범 강,석유제품운반선,KR,대한민국,MRN38323,BL794265,MBL87339,O,수입,온산1부두,액체,등유,1223,PORT-MIS 실선종 기반,벌크,펌프,TON,22239.2,22239.2,울산,여수,2026-07-24 00:00:00+00:00,반입,UPA_SYNTHETIC,IntgCagInfo(SYNTHETIC),2026-07-26 05:32:53.301751+00:00,OK,True
KRUSN,2026,019,160014,범 강,석유제품운반선,KR,대한민국,MRN69619,BL507373,MBL29593,O,수입,온산1부두,액체,휘발유,1203,PORT-MIS 실선종 기반,벌크,펌프,TON,5608.9,5608.9,울산,여수,2026-07-24 00:00:00+00:00,반입,UPA_SYNTHETIC,IntgCagInfo(SYNTHETIC),2026-07-26 05:32:53.301751+00:00,OK,True
KRUSN,2026,085,160014,범 강,석유제품운반선,KR,대한민국,MRN17240,BL836199,MBL94698,I,수출,SK2부두,액체,등유,1223,PORT-MIS 실선종 기반,벌크,펌프,TON,45515.5,45515.5,울산,SINGAPORE,2026-07-24 00:00:00+00:00,반입,UPA_SYNTHETIC,IntgCagInfo(SYNTHETIC),2026-07-26 05:32:53.301751+00:00,OK,True
KRUSN,2026,108,BPFA2,YONG BO,원유운반선,KR,대한민국,MRN21672,BL289340,MBL97213,I,수출,신항일반부두,액체,원유,1267,PORT-MIS 실선종 기반,벌크,펌프,TON,21158.7,21158.7,울산,여수,2026-07-24 00:00:00+00:00,반입,UPA_SYNTHETIC,IntgCagInfo(SYNTHETIC),2026-07-26 05:32:53.301751+00:00,OK,True
KRUSN,2026,126,BPFA2,YONG BO,원유운반선,KR,대한민국,MRN19279,BL563613,MBL28092,I,수출,SK8부두,액체,원유,1267,PORT-MIS 실선종 기반,벌크,펌프,TON,18536.7,18536.7,울산,여수,2026-07-24 00:00:00+00:00,반입,UPA_SYNTHETIC,IntgCagInfo(SYNTHETIC),2026-07-26 05:32:53.301751+00:00,OK,True
KRUSN,2026,046,BPFA2,YONG BO,원유운반선,KR,대한민국,MRN23467,BL837370,MBL96030,I,수입,SK2부두,액체,원유,1267,PORT-MIS 실선종 기반,벌크,펌프,TON,45502.8,45502.8,울산,여수,2026-07-24 00:00:00+00:00,반입,UPA_SYNTHETIC,IntgCagInfo(SYNTHETIC),2026-07-26 05:32:53.301751+00:00,OK,True
KRUSN,2026,152,5LVP7,CAPE ATHOS,석유제품운반선,KR,대한민국,MRN80425,BL980576,MBL46355,O,수출,SK8부두,액체,휘발유,1203,PORT-MIS 실선종 기반,벌크,펌프,TON,4326.0,4326.0,울산,SINGAPORE,2026-07-24 00:00:00+00:00,반입,UPA_SYNTHETIC,IntgCagInfo(SYNTHETIC),2026-07-26 05:32:53.301751+00:00,OK,True
KRUSN,2026,104,D7LQ,제3에스제이가스호,LPG운반선,KR,대한민국,MRN69362,BL751488,MBL67725,O,수출,온산1부두,액체,프로판,1978,PORT-MIS 실선종 기반,벌크,펌프,TON,33339.9,33339.9,울산,휴스턴,2026-07-24 00:00:00+00:00,반입,UPA_SYNTHETIC,IntgCagInfo(SYNTHETIC),2026-07-26 05:32:53.301751+00:00,OK,True
KRUSN,2026,195,D7LQ,제3에스제이가스호,LPG운반선,KR,대한민국,MRN11586,BL752998,MBL16037,I,수출,제4부두,액체,LPG,1075,PORT-MIS 실선종 기반,벌크,펌프,TON,7091.9,7091.9,울산,SINGAPORE,2026-07-24 00:00:00+00:00,반입,UPA_SYNTHETIC,IntgCagInfo(SYNTHETIC),2026-07-26 05:32:53.301751+00:00,OK,True
KRUSN,2026,033,3E8973,SAEHAN OLIVIA,케미칼운반선,KR,대한민국,MRN18374,BL821227,MBL79859,I,수출,정일1부두,액체,자일렌,1307,PORT-MIS 실선종 기반,벌크,펌프,TON,49920.8,49920.8,울산,DALIAN,2026-07-24 00:00:00+00:00,반입,UPA_SYNTHETIC,IntgCagInfo(SYNTHETIC),2026-07-26 05:32:53.301751+00:00,OK,True
KRUSN,2026,070,3E8973,SAEHAN OLIVIA,케미칼운반선,KR,대한민국,MRN17803,BL482259,MBL44314,I,수입,제3부두,액체,메탄올,1230,PORT-MIS 실선종 기반,벌크,펌프,TON,25885.2,25885.2,울산,여수,2026-07-24 00:00:00+00:00,반입,UPA_SYNTHETIC,IntgCagInfo(SYNTHETIC),2026-07-26 05:32:53.301751+00:00,OK,True
KRUSN,2026,173,3E8973,SAEHAN OLIVIA,케미칼운반선,KR,대한민국,MRN10287,BL236323,MBL14506,I,수입,SK2부두,액체,메탄올,1230,PORT-MIS 실선종 기반,벌크,펌프,TON,37571.1,37571.1,울산,SINGAPORE,2026-07-24 00:00:00+00:00,반입,UPA_SYNTHETIC,IntgCagInfo(SYNTHETIC),2026-07-26 05:32:53.301751+00:00,OK,True
KRUSN,2026,081,5LVB7,JARAMA,석유제품운반선,KR,대한민국,MRN25928,BL314467,MBL13691,I,수출,제3부두,액체,휘발유,1203,PORT-MIS 실선종 기반,벌크,펌프,TON,1948.8,1948.8,울산,SINGAPORE,2026-07-24 00:00:00+00:00,반입,UPA_SYNTHETIC,IntgCagInfo(SYNTHETIC),2026-07-26 05:32:53.301751+00:00,OK,True
KRUSN,2026,037,171071,티앤 레아,석유제품운반선,KR,대한민국,MRN17034,BL675543,MBL36157,O,수입,정일1부두,액체,나프타,1268,PORT-MIS 실선종 기반,벌크,펌프,TON,25779.9,25779.9,울산,여수,2026-07-24 00:00:00+00:00,반입,UPA_SYNTHETIC,IntgCagInfo(SYNTHETIC),2026-07-26 05:32:53.301751+00:00,OK,True
KRUSN,2026,012,171071,티앤 레아,석유제품운반선,KR,대한민국,MRN32786,BL108248,MBL35699,I,수출,SK8부두,액체,경유,1202,PORT-MIS 실선종 기반,벌크,펌프,TON,20049.0,20049.0,울산,SINGAPORE,2026-07-24 00:00:00+00:00,반입,UPA_SYNTHETIC,IntgCagInfo(SYNTHETIC),2026-07-26 05:32:53.301751+00:00,OK,True
KRUSN,2026,128,240008,정성,석유제품운반선,KR,대한민국,MRN85348,BL142515,MBL83508,O,수출,가스부두,액체,나프타,1268,PORT-MIS 실선종 기반,벌크,펌프,TON,627.4,627.4,울산,SINGAPORE,2026-07-24 00:00:00+00:00,반입,UPA_SYNTHETIC,IntgCagInfo(SYNTHETIC),2026-07-26 05:32:53.301751+00:00,OK,True
KRUSN,2026,111,240008,정성,석유제품운반선,KR,대한민국,MRN72611,BL948842,MBL12011,I,수입,정일1부두,액체,등유,1223,PORT-MIS 실선종 기반,벌크,펌프,TON,21486.6,21486.6,울산,SINGAPORE,2026-07-24 00:00:00+00:00,반입,UPA_SYNTHETIC,IntgCagInfo(SYNTHETIC),2026-07-26 05:32:53.301751+00:00,OK,True
KRUSN,2026,016,240008,정성,석유제품운반선,KR,대한민국,MRN61880,BL937817,MBL17547,O,수출,신항일반부두,액체,등유,1223,PORT-MIS 실선종 기반,벌크,펌프,TON,36331.4,36331.4,울산,DALIAN,2026-07-24 00:00:00+00:00,반입,UPA_SYNTHETIC,IntgCagInfo(SYNTHETIC),2026-07-26 05:32:53.301751+00:00,OK,True
KRUSN,2026,002,DSPF9,보넨자,케미칼운반선,KR,대한민국,MRN99818,BL237630,MBL31813,O,수입,OTK1부두,액체,메탄올,1230,PORT-MIS 실선종 기반,벌크,펌프,TON,42006.8,42006.8,울산,여수,2026-07-24 00:00:00+00:00,반입,UPA_SYNTHETIC,IntgCagInfo(SYNTHETIC),2026-07-26 05:32:53.301751+00:00,OK,True
KRUSN,2026,031,210043,에이치와이 부산,석유제품운반선,KR,대한민국,MRN34333,BL610863,MBL84810,O,수출,온산1부두,액체,등유,1223,PORT-MIS 실선종 기반,벌크,펌프,TON,41468.4,41468.4,울산,DALIAN,2026-07-24 00:00:00+00:00,반입,UPA_SYNTHETIC,IntgCagInfo(SYNTHETIC),2026-07-26 05:32:53.301751+00:00,OK,True
KRUSN,2026,041,204007,럭키오션호,기타유조선,KR,대한민국,MRN34823,BL279641,MBL85376,I,수출,OTK1부두,액체,석유제품(기타),1268,PORT-MIS 실선종 기반,벌크,펌프,TON,16870.2,16870.2,울산,SINGAPORE,2026-07-24 00:00:00+00:00,반입,UPA_SYNTHETIC,IntgCagInfo(SYNTHETIC),2026-07-26 05:32:53.301751+00:00,OK,True
KRUSN,2026,186,204007,럭키오션호,기타유조선,KR,대한민국,MRN51986,BL106862,MBL29441,O,수출,신항일반부두,액체,석유제품(기타),1268,PORT-MIS 실선종 기반,벌크,펌프,TON,18659.1,18659.1,울산,SINGAPORE,2026-07-24 00:00:00+00:00,반입,UPA_SYNTHETIC,IntgCagInfo(SYNTHETIC),2026-07-26 05:32:53.301751+00:00,OK,True
KRUSN,2026,113,212803,다인3호,석유제품운반선,KR,대한민국,MRN46885,BL244609,MBL34580,O,수출,온산1부두,액체,등유,1223,PORT-MIS 실선종 기반,벌크,펌프,TON,20422.5,20422.5,울산,DALIAN,2026-07-24 00:00:00+00:00,반입,UPA_SYNTHETIC,IntgCagInfo(SYNTHETIC),2026-07-26 05:32:53.301751+00:00,OK,True
KRUSN,2026,060,212803,다인3호,석유제품운반선,KR,대한민국,MRN82527,BL897320,MBL85780,O,수출,정일1부두,액체,경유,1202,PORT-MIS 실선종 기반,벌크,펌프,TON,10904.6,10904.6,울산,휴스턴,2026-07-24 00:00:00+00:00,반입,UPA_SYNTHETIC,IntgCagInfo(SYNTHETIC),2026-07-26 05:32:53.301751+00:00,OK,True
KRUSN,2026,093,220007,무성,석유제품운반선,KR,대한민국,MRN38177,BL620647,MBL83593,I,수입,OTK1부두,액체,휘발유,1203,PORT-MIS 실선종 기반,벌크,펌프,TON,40377.6,40377.6,울산,SINGAPORE,2026-07-24 00:00:00+00:00,반입,UPA_SYNTHETIC,IntgCagInfo(SYNTHETIC),2026-07-26 05:32:53.301751+00:00,OK,True
KRUSN,2026,189,220007,무성,석유제품운반선,KR,대한민국,MRN63853,BL610002,MBL24937,O,수입,신항일반부두,액체,휘발유,1203,PORT-MIS 실선종 기반,벌크,펌프,TON,40838.0,40838.0,울산,SINGAPORE,2026-07-24 00:00:00+00:00,반입,UPA_SYNTHETIC,IntgCagInfo(SYNTHETIC),2026-07-26 05:32:53.301751+00:00,OK,True
KRUSN,2026,047,222801,68세한호,석유제품운반선,KR,대한민국,MRN72351,BL723775,MBL44445,O,수출,OTK1부두,액체,나프타,1268,PORT-MIS 실선종 기반,벌크,펌프,TON,29255.2,29255.2,울산,휴스턴,2026-07-24 00:00:00+00:00,반입,UPA_SYNTHETIC,IntgCagInfo(SYNTHETIC),2026-07-26 05:32:53.301751+00:00,OK,True
KRUSN,2026,155,130088,7보광호,석유제품운반선,KR,대한민국,MRN28529,BL769176,MBL11999,I,수출,온산1부두,액체,나프타,1268,PORT-MIS 실선종 기반,벌크,펌프,TON,2087.4,2087.4,울산,DALIAN,2026-07-24 00:00:00+00:00,반입,UPA_SYNTHETIC,IntgCagInfo(SYNTHETIC),2026-07-26 05:32:53.301751+00:00,OK,True
KRUSN,2026,186,130088,7보광호,석유제품운반선,KR,대한민국,MRN95553,BL713232,MBL43948,I,수입,가스부두,액체,등유,1223,PORT-MIS 실선종 기반,벌크,펌프,TON,19746.6,19746.6,울산,여수,2026-07-24 00:00:00+00:00,반입,UPA_SYNTHETIC,IntgCagInfo(SYNTHETIC),2026-07-26 05:32:53.301751+00:00,OK,True
KRUSN,2026,104,BQIA4,GUO HONG 5,석유제품운반선,KR,대한민국,MRN21068,BL607308,MBL78341,I,수입,신항일반부두,액체,나프타,1268,PORT-MIS 실선종 기반,벌크,펌프,TON,11017.9,11017.9,울산,DALIAN,2026-07-24 00:00:00+00:00,반입,UPA_SYNTHETIC,IntgCagInfo(SYNTHETIC),2026-07-26 05:32:53.301751+00:00,OK,True
KRUSN,2026,161,BQIA4,GUO HONG 5,석유제품운반선,KR,대한민국,MRN84535,BL575557,MBL87144,O,수입,신항일반부두,액체,등유,1223,PORT-MIS 실선종 기반,벌크,펌프,TON,40155.1,40155.1,울산,여수,2026-07-24 00:00:00+00:00,반입,UPA_SYNTHETIC,IntgCagInfo(SYNTHETIC),2026-07-26 05:32:53.301751+00:00,OK,True
KRUSN,2026,022,BQIA4,GUO HONG 5,석유제품운반선,KR,대한민국,MRN12446,BL365570,MBL37963,I,수출,제4부두,액체,경유,1202,PORT-MIS 실선종 기반,벌크,펌프,TON,20980.1,20980.1,울산,휴스턴,2026-07-24 00:00:00+00:00,반입,UPA_SYNTHETIC,IntgCagInfo(SYNTHETIC),2026-07-26 05:32:53.301751+00:00,OK,True
KRUSN,2026,157,210023,금일,석유제품운반선,KR,대한민국,MRN35426,BL922073,MBL86078,I,수출,SK8부두,액체,경유,1202,PORT-MIS 실선종 기반,벌크,펌프,TON,35625.6,35625.6,울산,SINGAPORE,2026-07-24 00:00:00+00:00,반입,UPA_SYNTHETIC,IntgCagInfo(SYNTHETIC),2026-07-26 05:32:53.301751+00:00,OK,True
KRUSN,2026,040,210023,금일,석유제품운반선,KR,대한민국,MRN83244,BL791979,MBL61187,O,수출,온산1부두,액체,나프타,1268,PORT-MIS 실선종 기반,벌크,펌프,TON,30579.5,30579.5,울산,DALIAN,2026-07-24 00:00:00+00:00,반입,UPA_SYNTHETIC,IntgCagInfo(SYNTHETIC),2026-07-26 05:32:53.301751+00:00,OK,True
KRUSN,2026,081,V7A4085,CS ROTTERDAM,원유운반선,KR,대한민국,MRN99011,BL219548,MBL91950,O,수입,SK8부두,액체,원유,1267,PORT-MIS 실선종 기반,벌크,펌프,TON,44881.3,44881.3,울산,SINGAPORE,2026-07-24 00:00:00+00:00,반입,UPA_SYNTHETIC,IntgCagInfo(SYNTHETIC),2026-07-26 05:32:53.301751+00:00,OK,True
KRUSN,2026,100,V7A4085,CS ROTTERDAM,원유운반선,KR,대한민국,MRN16925,BL416660,MBL78778,I,수출,OTK1부두,액체,원유,1267,PORT-MIS 실선종 기반,벌크,펌프,TON,44218.3,44218.3,울산,SINGAPORE,2026-07-24 00:00:00+00:00,반입,UPA_SYNTHETIC,IntgCagInfo(SYNTHETIC),2026-07-26 05:32:53.301751+00:00,OK,True
KRUSN,2026,056,V7A4085,CS ROTTERDAM,원유운반선,KR,대한민국,MRN50508,BL597838,MBL33560,I,수출,가스부두,액체,원유,1267,PORT-MIS 실선종 기반,벌크,펌프,TON,40821.8,40821.8,울산,여수,2026-07-24 00:00:00+00:00,반입,UPA_SYNTHETIC,IntgCagInfo(SYNTHETIC),2026-07-26 05:32:53.301751+00:00,OK,True
KRUSN,2026,034,3E3767,GOLDEN AXIS,케미칼운반선,KR,대한민국,MRN78308,BL337634,MBL16918,O,수출,신항일반부두,액체,톨루엔,1294,PORT-MIS 실선종 기반,벌크,펌프,TON,13509.6,13509.6,울산,DALIAN,2026-07-24 00:00:00+00:00,반입,UPA_SYNTHETIC,IntgCagInfo(SYNTHETIC),2026-07-26 05:32:53.301751+00:00,OK,True
KRUSN,2026,132,3E3767,GOLDEN AXIS,케미칼운반선,KR,대한민국,MRN80615,BL538135,MBL55187,I,수출,SK8부두,액체,아세톤,1090,PORT-MIS 실선종 기반,벌크,펌프,TON,23376.9,23376.9,울산,여수,2026-07-24 00:00:00+00:00,반입,UPA_SYNTHETIC,IntgCagInfo(SYNTHETIC),2026-07-26 05:32:53.301751+00:00,OK,True
