port_code,seq,list_name,list_address,list_operator,list_built_year,port_gubun,부두/선석명,소재지,준공년도,준공주체,안벽길이,수심,접안능력,하역능력,운영사,주요취급화물,fetched_at_utc
PORT0000000001,1,(국)SK1부두1선석,울산광역시 남구 고사동 110번지 일원,SK에너지(주),1996,울산본항,(국)SK1부두1선석,울산광역시 남구 고사동 110번지 일원,1996,국가,130m(중력식),7.5m,"5,000DWT / 1척","16,000Bbls",SK에너지(주),유류,2026-09-19T13:59:08.119569+00:00
PORT0000000002,2,(국)SK1부두2선석,울산광역시 남구 고사동 110번지 일원,SK에너지(주),1996,울산본항,(국)SK1부두2선석,울산광역시 남구 고사동 110번지 일원,1996,국가,130m(중력식),7.5m,"5,000DWT / 2척","16,000Bbls",SK에너지(주),유류,2026-09-19T13:59:08.119569+00:00
PORT0000000003,3,(국)SK2부두,울산광역시 남구 고사동 17-2번지,SK에너지(주),1967,울산본항,(국)SK2부두,울산광역시 남구 고사동 17-2번지,1967,국가 및 민간,150m(중력식),7.5m,"5,000DWT / 2척",,SK에너지(주),유류,2026-09-19T13:59:08.119569+00:00
PORT0000000004,4,1부두,울산광역시 남구 여천동 187-12,울산항만운영(주),1972,울산본항,1부두,울산광역시 남구 여천동 187-12,1972,국가,149m(잔교식),8m,"5,000DWT / 1척",375천 톤,울산항만운영(주),"사료부원료,잡화 등",2026-09-19T13:59:08.119569+00:00
PORT0000000005,5,2부두1선석,울산광역시 남구 여천동 187-12,울산항만운영(주),1969,울산본항,2부두1선석,울산광역시 남구 여천동 187-12,1969,국가,170m(잔교식),12m,"40,000DWT / 1척","2,394천 톤",울산항만운영(주),일반화물액체화물,2026-09-19T13:59:08.119569+00:00
PORT0000000006,6,2부두2선석,울산광역시 남구 여천동 187-12,울산항만운영(주),1969,울산본항,2부두2선석,울산광역시 남구 여천동 187-12,1969,국가,298m(중력식),12m,"20,000DWT / 1척","2,394천 톤",울산항만운영(주),일반화물액체화물,2026-09-19T13:59:08.119569+00:00
PORT0000000007,7,2부두3선석,울산광역시 남구 여천동 187-12,울산항만운영(주),1969,울산본항,2부두3선석,울산광역시 남구 여천동 187-12,1969,국가,132m(중력식),12m,"5,000DWT / 1척","2,394천 톤",울산항만운영(주),일반화물액체화물,2026-09-19T13:59:08.119569+00:00
PORT0000000008,8,3부두1선석,울산광역시 남구 매암동 472번지 일원,울산항만운영(주),1971,울산본항,3부두1선석,울산광역시 남구 매암동 472번지 일원,1971,국가,347m(중력식),9m,"10,000DWT / 2척","1,202천 톤",울산항만운영(주),"석유정제품 가스,광석 등",2026-09-19T13:59:08.119569+00:00
PORT0000000009,9,3부두2선석,울산광역시 남구 매암동 472번지 일원,(주)신흥사,1980,울산본항,3부두2선석,울산광역시 남구 매암동 472번지 일원,1980,국가,347m(중력식),9m,"10,000DWT / 2척","1,202천 톤",(주)신흥사,"석유정제품 가스,광석 등",2026-09-19T13:59:08.119569+00:00
PORT0000000010,10,4부두1선석,울산광역시 남구 매암동 472번지 일원,(주)신흥사,1966,울산본항,4부두1선석,울산광역시 남구 매암동 472번지 일원,1966,국가,210m(중력식),11m,"20,000DWT / 1척","1,495천 톤",(주)신흥사,"화학공업생산품,비료 등",2026-09-19T13:59:08.119569+00:00
PORT0000000011,11,4부두2선석,울산광역시 남구 매암동 472번지 일원,(주)신흥사,1971,울산본항,4부두2선석,울산광역시 남구 매암동 472번지 일원,1971,국가,114m(중력식),9m,"5,000DWT / 1척","1,495천 톤",(주)신흥사,"화학공업생산품,비료 등",2026-09-19T13:59:08.119569+00:00
PORT0000000012,12,5부두,울산광역시 남구 매암동 472번지 일원,고려항만(주),1980,울산본항,5부두,울산광역시 남구 매암동 472번지 일원,1980,국가,220m(중력식),11.5m,"20,000DWT / 1척",549천 톤,고려항만(주),"철강제품,기계부품 등",2026-09-19T13:59:08.119569+00:00
PORT0000000013,13,6부두1선석,"울산광역시 남구 매암동 1-3번지, 360번지 일원",고려항만(주),1994,울산본항,6부두1선석,"울산광역시 남구 매암동 1-3번지, 360번지 일원",1994,국가,990m 390m(잔교식) 600m(중력식),12m,"30,000DWT / 4척","3,564천 톤",고려항만(주),"중장비,비료, 광석 등",2026-09-19T13:59:08.119569+00:00
PORT0000000014,14,6부두2선석,"울산광역시 남구 매암동 1-3번지, 360번지 일원",고려항만(주),1994,울산본항,6부두2선석,"울산광역시 남구 매암동 1-3번지, 360번지 일원",1994,국가,990m 390m(잔교식)  600m(중력식),12m,"30,000DWT / 4척","3,564천 톤",고려항만(주),"중장비,비료, 광석 등",2026-09-19T13:59:08.119569+00:00
PORT0000000015,15,6부두3선석,"울산광역시 남구 매암동 1-3번지, 360번지 일원",한국보팍터미날,1994,울산본항,6부두3선석,"울산광역시 남구 매암동 1-3번지, 360번지 일원",1994,국가,990m 390m(중력식) 600m(잔교식),12m,"30,000DWT / 4척","3,564천 톤",한국보팍터미날,"중장비,비료, 광석 등",2026-09-19T13:59:08.119569+00:00
PORT0000000016,16,6부두4선석,"울산광역시 남구 매암동 1-3번지, 360번지 일원","울산항6,7부두운영",1994,울산본항,6부두4선석,"울산광역시 남구 매암동 1-3번지, 360번지 일원",1994,국가,990m 390m(중력식)  600m(잔교식),12m,"30,000DWT / 4척","3,564천 톤","울산항6,7부두운영","중장비,비료, 광석 등",2026-09-19T13:59:08.119569+00:00
PORT0000000017,17,6부두5선석,"울산광역시 남구 매암동 1-3번지, 360번지 일원","울산항6,7부두운영",1994,울산본항,6부두5선석,"울산광역시 남구 매암동 1-3번지, 360번지 일원",1994,국가,990m 390m(중력식) 600m(잔교식),12m,"30,000DWT / 4척","3,564천 톤","울산항6,7부두운영","중장비,비료, 광석 등",2026-09-19T13:59:08.119569+00:00
PORT0000000018,18,7부두,"울산광역시 남구 매암동 1번지, 354번지, 359번지 일원","울산항6,7부두운영",1996,울산본항,7부두,"울산광역시 남구 매암동 1번지, 354번지, 359번지 일원",1996,국가,210m(잔교식),11m,"20,000DWT / 1척",509천 톤,"울산항6,7부두운영","기계부품,비료 등",2026-09-19T13:59:08.119569+00:00
PORT0000000019,19,8부두1선석,울산광역시 남구 매암동 1-17,"울산항6,7부두운영",2002,울산본항,8부두1선석,울산광역시 남구 매암동 1-17,2002,국가,375m(중력식),11m,"20,000DWT / 1척","1,208천 톤","울산항6,7부두운영","코르크, 비료,광석 등",2026-09-19T13:59:08.119569+00:00
PORT0000000020,20,8부두2선석,울산광역시 남구 매암동 1-17,울산항만공사,2002,울산본항,8부두2선석,울산광역시 남구 매암동 1-17,2002,국가,375m(중력식),11m,"10,000DWT / 1척","1,208천 톤",울산항만공사,"코르크, 비료,광석 등",2026-09-19T13:59:08.119569+00:00
PORT0000000021,21,9부두,울산광역시 남구 매암동 139-45,울산항만공사,2003,울산본항,9부두,울산광역시 남구 매암동 139-45,2003,국가,150m(중력식),8m,"5,000DWT / 1척",375천 톤,울산항만공사,"광석, 비료,석유정제품 등",2026-09-19T13:59:08.119569+00:00
PORT0000000022,22,SK2부두1선석,울산광역시 남구 고사동 17-2번지,SK에너지(주),1967,울산본항,SK2부두1선석,울산광역시 남구 고사동 17-2번지,1967,국가 및 민간,430m(잔교식),8m,"3,000DWT / 2척4,000DWT / 1척6,000DWT / 1척",,SK에너지(주),유류,2026-09-19T13:59:08.119569+00:00
PORT0000000023,23,SK2부두2선석,울산광역시 남구 고사동 17-2번지,SK에너지(주),1967,울산본항,SK2부두2선석,울산광역시 남구 고사동 17-2번지,1967,국가 및 민간,430m(잔교식),8m,"3,000DWT / 2척4,000DWT / 1척6,000DWT / 1척",,SK에너지(주),유류,2026-09-19T13:59:08.119569+00:00
PORT0000000024,24,SK2부두3선석,울산광역시 남구 고사동 17-2번지,SK에너지(주),1967,울산본항,SK2부두3선석,울산광역시 남구 고사동 17-2번지,1967,국가 및 민간,430m(잔교식),8m,"3,000DWT / 2척4,000DWT / 1척6,000DWT / 1척",,SK에너지(주),유류,2026-09-19T13:59:08.119569+00:00
PORT0000000025,25,SK2부두4선석,울산광역시 남구 고사동 17-2번지,SK에너지(주),1967,울산본항,SK2부두4선석,울산광역시 남구 고사동 17-2번지,1967,국가 및 민간,430m(잔교식),8m,"3,000DWT / 2척4,000DWT / 1척6,000DWT / 1척",,SK에너지(주),유류,2026-09-19T13:59:08.119569+00:00
PORT0000000026,26,SK2부이,울산광역시 남구 용잠동 해상,SK에너지(주),1978,울산본항,SK2부이,울산광역시 남구 용잠동 해상,1978,민간,,27m,"325,000DWT / 2척",,SK에너지(주),원유,2026-09-19T13:59:08.119569+00:00
PORT0000000027,27,SK3부두,울산광역시 남구 용잠동 수역,SK에너지(주),1966,울산본항,SK3부두,울산광역시 남구 용잠동 수역,1966,민간,130m(강관돌핀),12m,"50,000DWT / 1척","10,000Bbls",SK에너지(주),유류,2026-09-19T13:59:08.119569+00:00
PORT0000000028,28,SK3부이,울산광역시 남구 용잠동 해상,SK에너지(주),1996,울산본항,SK3부이,울산광역시 남구 용잠동 해상,1996,민간,,27m,"325,000DWT / 2척",,SK에너지(주),원유,2026-09-19T13:59:08.119569+00:00
PORT0000000029,29,SK4부두1선석,울산광역시 남구 용잠동 수역,SK에너지(주),1978,울산본항,SK4부두1선석,울산광역시 남구 용잠동 수역,1978,민간,228m(강관돌핀),10m,"1,000DWT / 1척4,000DWT / 2척","24,000Bbls",SK에너지(주),유류,2026-09-19T13:59:08.119569+00:00
PORT0000000030,30,SK4부두2선석,울산광역시 남구 용잠동 수역,SK에너지(주),1978,울산본항,SK4부두2선석,울산광역시 남구 용잠동 수역,1978,민간,228m(강관돌핀),10m,"1,000DWT / 1척4,000DWT / 2척","24,000Bbls",SK에너지(주),유류,2026-09-19T13:59:08.119569+00:00
PORT0000000031,31,SK4부두3선석,울산광역시 남구 용잠동 수역,SK에너지(주),1978,울산본항,SK4부두3선석,울산광역시 남구 용잠동 수역,1978,민간,228m(강관돌핀),10m,"1,000DWT / 1척4,000DWT / 2척","24,000Bbls",SK에너지(주),유류,2026-09-19T13:59:08.119569+00:00
PORT0000000032,32,SK5부두1선석,울산광역시 남구 용잠동 수역,SK에너지(주),1993,울산본항,SK5부두1선석,울산광역시 남구 용잠동 수역,1993,민간,798m(강관돌핀),11m,"2,000DWT / 2척4,000DWT / 1척5,000DWT / 1척15,000DWT / 1척","34,000Bbls",SK에너지(주),유류,2026-09-19T13:59:08.119569+00:00
PORT0000000033,33,SK5부두2선석,울산광역시 남구 용잠동 수역,SK에너지(주),1993,울산본항,SK5부두2선석,울산광역시 남구 용잠동 수역,1993,민간,798m(강관돌핀),11m,"2,000DWT / 2척4,000DWT / 1척5,000DWT / 1척15,000DWT / 1척","34,000Bbls",SK에너지(주),유류,2026-09-19T13:59:08.119569+00:00
PORT0000000034,34,SK5부두3선석,울산광역시 남구 용잠동 수역,SK에너지(주),1993,울산본항,SK5부두3선석,울산광역시 남구 용잠동 수역,1993,민간,798m(강관돌핀),11m,"2,000DWT / 2척4,000DWT / 1척5,000DWT / 1척15,000DWT / 1척","34,000Bbls",SK에너지(주),유류,2026-09-19T13:59:08.119569+00:00
PORT0000000035,35,SK5부두4선석,울산광역시 남구 용잠동 수역,SK에너지(주),1993,울산본항,SK5부두4선석,울산광역시 남구 용잠동 수역,1993,민간,798m(강관돌핀),11m,"2,000DWT / 2척4,000DWT / 1척5,000DWT / 1척15,000DWT / 1척","34,000Bbls",SK에너지(주),유류,2026-09-19T13:59:08.119569+00:00
PORT0000000036,36,SK5부두5선석,울산광역시 남구 용잠동 수역,SK에너지(주),1993,울산본항,SK5부두5선석,울산광역시 남구 용잠동 수역,1993,민간,798m(강관돌핀),11m,"2,000DWT / 2척4,000DWT / 1척5,000DWT / 1척15,000DWT / 1척","34,000Bbls",SK에너지(주),유류,2026-09-19T13:59:08.119569+00:00
PORT0000000037,37,SK6부두,울산광역시 남구 용잠동 수역,SK에너지(주),1983,울산본항,SK6부두,울산광역시 남구 용잠동 수역,1983,민간,347m(강관돌핀),15m,"70,000DWT / 1척","25,000Bbls",SK에너지(주),"유류, 가스 등",2026-09-19T13:59:08.119569+00:00
PORT0000000038,38,SK7부두,울산광역시 남구 용잠동 수역,SK에너지(주),1990,울산본항,SK7부두,울산광역시 남구 용잠동 수역,1990,민간,370m(강관돌핀),15m,"130,000DWT / 1척","25,000Bbls",SK에너지(주),"유류, 케미칼 등",2026-09-19T13:59:08.119569+00:00
PORT0000000039,39,SK8부두,울산광역시 남구 용잠동 수역,SK에너지(주),1996,울산본항,SK8부두,울산광역시 남구 용잠동 수역,1996,민간,400m(강관돌핀,18m,"150,000DWT / 1척","40,000Bbls",SK에너지(주),"원유, 유류 등",2026-09-19T13:59:08.119569+00:00
PORT0000000040,40,UTT부두,울산광역시 남구 용잠동 484번지 일원,태영인더스트리,1983,울산본항,UTT부두,울산광역시 남구 용잠동 484번지 일원,1983,국가,80m(돌핀),11m,"40,000DWT / 1척",979천 톤,태영인더스트리,"화학공업생산품,석유정제품 등",2026-09-19T13:59:08.119569+00:00
PORT0000000041,41,가스부두1선석,울산광역시 남구 용잠동 60-16번지,SK가스(주),1988,울산본항,가스부두1선석,울산광역시 남구 용잠동 60-16번지,1988,국가,360m(중력식),7.5m,"1,000DWT / 1척",,SK가스(주),가스 및 연료 등,2026-09-19T13:59:08.119569+00:00
PORT0000000042,42,가스부두2선석,울산광역시 남구 용잠동 60-16번지,SK가스(주),1988,울산본항,가스부두2선석,울산광역시 남구 용잠동 60-16번지,1988,국가,360m(중력식),7.5m,"5,000DWT / 1척",,SK가스(주),가스 및 연료 등,2026-09-19T13:59:08.119569+00:00
PORT0000000043,43,가스부두3선석,울산광역시 남구 용잠동 60-16번지,SK가스(주),1988,울산본항,가스부두3선석,울산광역시 남구 용잠동 60-16번지,1988,국가,360m(중력식),7.5m,"8,000DWT / 1척",,SK가스(주),가스 및 연료 등,2026-09-19T13:59:08.119569+00:00
PORT0000000044,44,남화부두1선석,울산광역시 남구 용잠동 67번지 일원,울산항만공사,2005,울산본항,남화부두1선석,울산광역시 남구 용잠동 67번지 일원,2005,국가,150m(중력식),7m,"3,000DWT / 2척",,울산항만공사,해양 배출폐기물 처리,2026-09-19T13:59:08.119569+00:00
PORT0000000045,45,남화부두2선석,울산광역시 남구 용잠동 67번지 일원,울산항만공사,2005,울산본항,남화부두2선석,울산광역시 남구 용잠동 67번지 일원,2005,국가,150m(중력식),7m,"3,000DWT / 2척",,울산항만공사,해양 배출폐기물 처리,2026-09-19T13:59:08.119569+00:00
PORT0000000046,46,석탄부두,울산광역시 남구 여천동 187-10,CJ대한통운,1984,울산본항,석탄부두,울산광역시 남구 여천동 187-10,1984,국가,270m(잔교식),12m,"40,000DWT / 1척","1,544천 톤",CJ대한통운,석탄,2026-09-19T13:59:08.119569+00:00
PORT0000000047,47,양곡부두,울산광역시 남구 용잠동 1-4번지,태영인더스트리,1986,울산본항,양곡부두,울산광역시 남구 용잠동 1-4번지,1986,국가,185m(잔교식),,"50,000DWT / 1척","1,674천 톤",태영인더스트리,"당류, 양곡류 등",2026-09-19T13:59:08.119569+00:00
PORT0000000048,48,염포부두1선석,울산광역시 동구 방어동 1292번지 일원,대주중공업,1983,울산본항,염포부두1선석,울산광역시 동구 방어동 1292번지 일원,1983,국가,810m(중력식),12m,"30,000DWT / 3척","2,819천 톤",대주중공업,"철강,차량 및 부품 등",2026-09-19T13:59:08.119569+00:00
PORT0000000049,49,염포부두2선석,울산광역시 동구 방어동 1292번지 일원,대주중공업,2009,울산본항,염포부두2선석,울산광역시 동구 방어동 1292번지 일원,2009,국가,810m(중력식),12m,"30,000DWT / 3척","2,819천 톤",대주중공업,"철강,차량 및 부품 등",2026-09-19T13:59:08.119569+00:00
PORT0000000050,50,염포부두3선석,울산광역시 동구 방어동 1292번지 일원,동방,2012,울산본항,염포부두3선석,울산광역시 동구 방어동 1292번지 일원,2012,국가,810m(중력식),12m,"30,000DWT / 3척","2,819천 톤",동방,"철강,차량 및 부품 등",2026-09-19T13:59:08.119569+00:00
PORT0000000051,51,용잠1부두,울산광역시 남구 용잠동 484번지 일원,태영인더스트리,1983,울산본항,용잠1부두,울산광역시 남구 용잠동 484번지 일원,1983,국가,88m(중력식),7m,"3,000DWT / 1척",930천 톤,태영인더스트리,석유정제품 등,2026-09-19T13:59:08.119569+00:00
PORT0000000052,52,용잠3부두,울산광역시 남구 용잠동 484번지 일원,태영인더스트리,1979,울산본항,용잠3부두,울산광역시 남구 용잠동 484번지 일원,1979,국가,155m(중력식),7m,"3,000DWT / 1척",930천 톤,태영인더스트리,석유정제품 등,2026-09-19T13:59:08.119569+00:00
PORT0000000053,53,일반부두1선석,울산광역시 남구 매암동 139번지 일원,울산항만공사,1979,울산본항,일반부두1선석,울산광역시 남구 매암동 139번지 일원,1979,국가,679m(중력식),7m,"5,000DWT / 2척1,000DWT / 5척","2,056천 톤",울산항만공사,"모래, 철강,석유정제품 등",2026-09-19T13:59:08.119569+00:00
PORT0000000054,54,일반부두2선석,울산광역시 남구 매암동 139번지 일원,울산항만공사,1979,울산본항,일반부두2선석,울산광역시 남구 매암동 139번지 일원,1979,국가,679m(중력식),7m,"5,000DWT / 2척1,000DWT / 5척","2,056천 톤",울산항만공사,"모래, 철강,석유정제품 등",2026-09-19T13:59:08.119569+00:00
PORT0000000055,55,일반부두3선석,울산광역시 남구 매암동 139번지 일원,울산항만공사,1979,울산본항,일반부두3선석,울산광역시 남구 매암동 139번지 일원,1979,국가,679m(중력식),7m,"5,000DWT / 2척1,000DWT / 5척","2,056천 톤",울산항만공사,"모래, 철강,석유정제품 등",2026-09-19T13:59:08.119569+00:00
PORT0000000056,56,일반부두4선석,울산광역시 남구 매암동 139번지 일원,울산항만공사,1979,울산본항,일반부두4선석,울산광역시 남구 매암동 139번지 일원,1979,국가,679m(중력식),7m,"5,000DWT / 2척1,000DWT / 5척","2,056천 톤",울산항만공사,"모래, 철강,석유정제품 등",2026-09-19T13:59:08.119569+00:00
PORT0000000057,57,일반부두5선석,울산광역시 남구 매암동 139번지 일원,울산항만공사,1979,울산본항,일반부두5선석,울산광역시 남구 매암동 139번지 일원,1979,국가,679m(중력식),7m,"5,000DWT / 2척1,000DWT / 5척","2,056천 톤",울산항만공사,"모래, 철강,석유정제품 등",2026-09-19T13:59:08.119569+00:00
PORT0000000058,58,일반부두6선석,울산광역시 남구 매암동 139번지 일원,울산항만공사,1979,울산본항,일반부두6선석,울산광역시 남구 매암동 139번지 일원,1979,국가,679m(중력식),7m,"5,000DWT / 2척1,000DWT / 5척","2,056천 톤",울산항만공사,"모래, 철강,석유정제품 등",2026-09-19T13:59:08.119569+00:00
PORT0000000059,59,일반부두7선석,울산광역시 남구 매암동 139번지 일원,울산항만공사,1979,울산본항,일반부두7선석,울산광역시 남구 매암동 139번지 일원,1979,국가,679m(중력식),7m,"5,000DWT / 2척1,000DWT / 5척","2,056천 톤",울산항만공사,"모래, 철강,석유정제품 등",2026-09-19T13:59:08.119569+00:00
PORT0000000060,60,자동차부두1선석,"울산광역시 동구 방어동 1178, 1181~2번지 일원",현대자동차,1987,울산본항,자동차부두1선석,"울산광역시 동구 방어동 1178, 1181~2번지 일원",1987,국가,830m(잔교식),11.5m,"40,000DWT / 1척","9,425천 톤",현대자동차,차량 및 부품,2026-09-19T13:59:08.119569+00:00
PORT0000000061,61,자동차부두2선석,"울산광역시 동구 방어동 1178, 1181~2번지 일원",현대자동차,1987,울산본항,자동차부두2선석,"울산광역시 동구 방어동 1178, 1181~2번지 일원",1987,국가,830m(잔교식),11.5m,"40,000DWT / 1척","9,425천 톤",현대자동차,차량 및 부품,2026-09-19T13:59:08.119569+00:00
PORT0000000062,62,자동차부두3선석,"울산광역시 동구 방어동 1178, 1181~2번지 일원",현대자동차,1996,울산본항,자동차부두3선석,"울산광역시 동구 방어동 1178, 1181~2번지 일원",1996,국가,830m(잔교식),11.5m,"40,000DWT / 1척","9,425천 톤",현대자동차,차량 및 부품,2026-09-19T13:59:08.119569+00:00
PORT0000000063,63,OTK1부두1선석,울산광역시 울주군 온산읍 처용리 수역,오드펠터미널코리아,1991,온산항,OTK1부두1선석,울산광역시 울주군 온산읍 처용리 수역,1991,민간,391m(돌핀),11m,"40,000DWT / 1척20,000DWT / 1척",965천 톤,오드펠터미널코리아,"화학공업생산품,석유정제품 등",2026-09-19T13:59:08.119569+00:00
PORT0000000064,64,OTK1부두2선석,울산광역시 울주군 온산읍 처용리 수역,오드펠터미널코리아,1991,온산항,OTK1부두2선석,울산광역시 울주군 온산읍 처용리 수역,1991,민간,391m(돌핀),11m,"40,000DWT / 1척20,000DWT / 1척",965천 톤,오드펠터미널코리아,"화학공업생산품,석유정제품 등",2026-09-19T13:59:08.119569+00:00
PORT0000000065,65,OTK2부두1선석,울산광역시 울주군 온산읍 처용리 수역,오드펠터미널코리아,1991,온산항,OTK2부두1선석,울산광역시 울주군 온산읍 처용리 수역,1991,민간,275m(돌핀),9m,"10,000DWT / 2척","1,859천 톤",오드펠터미널코리아,화학공업생산품,2026-09-19T13:59:08.119569+00:00
PORT0000000066,66,OTK2부두2선석,울산광역시 울주군 온산읍 처용리 수역,오드펠터미널코리아,1991,온산항,OTK2부두2선석,울산광역시 울주군 온산읍 처용리 수역,1991,민간,275m(돌핀),9m,"10,000DWT / 2척","1,859천 톤",오드펠터미널코리아,화학공업생산품,2026-09-19T13:59:08.119569+00:00
PORT0000000067,67,S-Oil 1부두1선석,울산광역시 울주군 온산읍 산암리 수역,S-OIL,1980,온산항,S-Oil 1부두1선석,울산광역시 울주군 온산읍 산암리 수역,1980,민간,280m(돌핀),11m,"50,000DWT / 1척20,000DWT / 1척",,S-OIL,"화학공업생산품,석유정제품 등",2026-09-19T13:59:08.119569+00:00
PORT0000000068,68,S-Oil 1부두2선석,울산광역시 울주군 온산읍 산암리 수역,S-OIL,1980,온산항,S-Oil 1부두2선석,울산광역시 울주군 온산읍 산암리 수역,1980,민간,280m(돌핀),11m,"50,000DWT / 1척20,000DWT / 1척",,S-OIL,"50,000DWT / 1척20,000DWT / 1척",2026-09-19T13:59:08.119569+00:00
PORT0000000069,69,S-Oil 2부두1선석,울산광역시 울주군 온산읍 산암리 수역,S-OIL,1991,온산항,S-Oil 2부두1선석,울산광역시 울주군 온산읍 산암리 수역,1991,민간,340m(돌핀),15.5m,"120,000DWT / 1척15,000DWT / 1척5,000DWT / 1척",,S-OIL,"화학공업생산품,석유정제품 등",2026-09-19T13:59:08.119569+00:00
PORT0000000070,70,S-Oil 2부두2선석,울산광역시 울주군 온산읍 산암리 수역,S-OIL,1991,온산항,S-Oil 2부두2선석,울산광역시 울주군 온산읍 산암리 수역,1991,민간,340m(돌핀),15.5m,15.5m,,S-OIL,"화학공업생산품,석유정제품 등",2026-09-19T13:59:08.119569+00:00
PORT0000000071,71,S-Oil 2부두3선석,울산광역시 울주군 온산읍 산암리 수역,S-OIL,1997,온산항,S-Oil 2부두3선석,울산광역시 울주군 온산읍 산암리 수역,1997,민간,340m(돌핀),15.5m,"120,000DWT / 1척15,000DWT / 1척5,000DWT / 1척",,S-OIL,"화학공업생산품,석유정제품 등",2026-09-19T13:59:08.119569+00:00
PORT0000000072,72,S-Oil 3부두1선석,울산광역시 울주군 온산읍 방도리 수역,S-OIL,2009,온산항,S-Oil 3부두1선석,울산광역시 울주군 온산읍 방도리 수역,2009,민간,280m(돌핀),14m,"50,000DWT / 1척10,000DWT / 1척",,S-OIL,"50,000DWT / 1척10,000DWT / 1척",2026-09-19T13:59:08.119569+00:00
PORT0000000073,73,S-Oil 3부두2선석,울산광역시 울주군 온산읍 방도리 수역,S-OIL,2009,온산항,S-Oil 3부두2선석,울산광역시 울주군 온산읍 방도리 수역,2009,민간,280m(돌핀),14m,"50,000DWT / 1척10,000DWT / 1척",,S-OIL,"50,000DWT / 1척10,000DWT / 1척",2026-09-19T13:59:08.119569+00:00
PORT0000000074,74,S-Oil 신부이,울산광역시 울주군 온산읍 해상,S-OIL,1980,온산항,S-Oil 신부이,울산광역시 울주군 온산읍 해상,1980,민간,,27m,"350,000DWT / 1기",,S-OIL,"350,000DWT / 1기",2026-09-19T13:59:08.119569+00:00
PORT0000000075,75,UTK부두1선석,울산광역시 울주군 온산읍 처용리 수역,유나이티드터미널코리아,2009,온산항,UTK부두1선석,울산광역시 울주군 온산읍 처용리 수역,2009,민간,240m(중력식),12m,"30,000DWT / 1척8,000DWT / 1척","2,363천 톤",유나이티드터미널코리아,"화학공업생산품,석유정제품 등",2026-09-19T13:59:08.119569+00:00
PORT0000000076,76,UTK부두2선석,울산광역시 울주군 온산읍 처용리 수역,유나이티드터미널코리아,2009,온산항,UTK부두2선석,울산광역시 울주군 온산읍 처용리 수역,2009,민간,246m(돌핀),12m,"30,000DWT / 1척8,000DWT / 1척","2,363천 톤",유나이티드터미널코리아,"화학공업생산품,석유정제품 등",2026-09-19T13:59:08.119569+00:00
PORT0000000077,77,달포부두1선석,"울산광역시 울주군 온산읍 산암리 150-7번지, 320번지, 321-1번지",울산항만공사,2002,온산항,달포부두1선석,"울산광역시 울주군 온산읍 산암리 150-7번지, 320번지, 321-1번지",2002,국가,325m(중력식),7m,"3,000DWT / 2척",,울산항만공사,"조선기자재,규사 등",2026-09-19T13:59:08.119569+00:00
PORT0000000078,78,달포부두2선석,"울산광역시 울주군 온산읍 산암리 150-7번지, 320번지, 321-1번지",울산항만공사,2002,온산항,달포부두2선석,"울산광역시 울주군 온산읍 산암리 150-7번지, 320번지, 321-1번지",2002,국가,325m(중력식),7m,"3,000DWT / 2척",,울산항만공사,"조선기자재,규사 등",2026-09-19T13:59:08.119569+00:00
PORT0000000079,79,대한유화부두1선석,울산광역시 울주군 온산읍 처용리 수역,대한유화(주),1991,온산항,대한유화부두1선석,울산광역시 울주군 온산읍 처용리 수역,1991,민간,320m(돌핀),12m,"80,000DWT / 1척50,000DWT / 1척","1,581천 톤",대한유화(주),석유정제품 등,2026-09-19T13:59:08.119569+00:00
PORT0000000080,80,대한유화부두2선석,울산광역시 울주군 온산읍 처용리 수역,대한유화(주),1991,온산항,대한유화부두2선석,울산광역시 울주군 온산읍 처용리 수역,1991,민간,320m(돌핀),12m,"80,000DWT / 1척50,000DWT / 1척","1,581천 톤",대한유화(주),석유정제품 등,2026-09-19T13:59:08.119569+00:00
PORT0000000081,81,S-Oil 4부두1선석,울산광역시 울주군 온산읍 산암리 150번지 일원,동북화학,2003,온산항,S-Oil 4부두1선석,울산광역시 울주군 온산읍 산암리 150번지 일원,2003,민간,585m(중력식),,"30,000DWT / 1척",,동북화학,화학공업생산품 등,2026-09-19T13:59:08.119569+00:00
PORT0000000082,82,S-Oil 4부두2선석,울산광역시 울주군 온산읍 산암리 150번지 일원,동북화학,2008,온산항,S-Oil 4부두2선석,울산광역시 울주군 온산읍 산암리 150번지 일원,2008,민간,585m(중력식),12m,"10,000DWT 2척",,동북화학,화학공업생산품 등,2026-09-19T13:59:08.119569+00:00
PORT0000000083,83,S-Oil 4부두3선석,울산광역시 울주군 온산읍 산암리 150번지 일원,동북화학,2008,온산항,S-Oil 4부두3선석,울산광역시 울주군 온산읍 산암리 150번지 일원,2008,민간,585m(중력식),12m,"10,000DWT 2척",,동북화학,화학공업생산품 등,2026-09-19T13:59:08.119569+00:00
PORT0000000084,84,온산1부두,울산광역시 울주군 온산읍 산암리 143번지 일원,KG케미칼,1993,온산항,온산1부두,울산광역시 울주군 온산읍 산암리 143번지 일원,1993,국가,270m(중력식),11m,"20,000DWT / 1척",905천 톤,KG케미칼,"모래, 광석,석유정제품 등",2026-09-19T13:59:08.119569+00:00
PORT0000000085,85,온산2부두,울산광역시 울주군 온산읍 산암리 143번지 일원,LS니꼬동제련,1981,온산항,온산2부두,울산광역시 울주군 온산읍 산암리 143번지 일원,1981,국가,210m(중력식),11m,"20,000DWT / 1척",816천 톤,LS니꼬동제련,"석유정제품,광석 등",2026-09-19T13:59:08.119569+00:00
PORT0000000086,86,온산3부두,울산광역시 울주군 온산읍 산암리 143-20,고려아연(주),1991,온산항,온산3부두,울산광역시 울주군 온산읍 산암리 143-20,1991,국가,230m(잔교식),12m,"20,000DWT / 1척",816천 톤,고려아연(주),"석유정제품,광석 등",2026-09-19T13:59:08.119569+00:00
PORT0000000087,87,온산4부두,울산광역시 울주군 온산읍 산암리 143번지 일원,한라시멘트,1992,온산항,온산4부두,울산광역시 울주군 온산읍 산암리 143번지 일원,1992,국가,210m(중력식),11m,"20,000DWT / 1척","20,000DWT / 1척",한라시멘트,"석유정제품,시멘트 등",2026-09-19T13:59:08.119569+00:00
PORT0000000088,88,정일1부두1선석,울산광역시 울주군 온산읍 산암리 수역,(주)정일스톨트헤븐울산,1988,온산항,정일1부두1선석,울산광역시 울주군 온산읍 산암리 수역,1988,민간,354m(돌핀),11m,"40,000DWT / 1척3,000DWT / 1척",925천 톤,(주)정일스톨트헤븐울산,석유정제품 등,2026-09-19T13:59:08.119569+00:00
PORT0000000089,89,정일1부두2선석,울산광역시 울주군 온산읍 산암리 수역,(주)정일스톨트헤븐울산,1988,온산항,정일1부두2선석,울산광역시 울주군 온산읍 산암리 수역,1988,민간,354m(돌핀),11m,"40,000DWT / 1척3,000DWT / 1척",925천 톤,(주)정일스톨트헤븐울산,석유정제품 등,2026-09-19T13:59:08.119569+00:00
PORT0000000090,90,정일2부두1선석,울산광역시 울주군 온산읍 산암리 수역,(주)정일스톨트헤븐울산,2002,온산항,정일2부두1선석,울산광역시 울주군 온산읍 산암리 수역,2002,민간,256m(돌핀),12.5m,"40,000DWT / 1척20,000DWT / 1척","1,395천 톤",(주)정일스톨트헤븐울산,석유정제품 등,2026-09-19T13:59:08.119569+00:00
PORT0000000091,91,정일2부두2선석,울산광역시 울주군 온산읍 산암리 수역,(주)정일스톨트헤븐울산,2002,온산항,정일2부두2선석,울산광역시 울주군 온산읍 산암리 수역,2002,민간,256m(돌핀),12.5m,"40,000DWT / 1척20,000DWT / 1척","1,395천 톤",(주)정일스톨트헤븐울산,석유정제품 등,2026-09-19T13:59:08.119569+00:00
PORT0000000092,92,정일컨부두,울산광역시 울주군 온산읍 산암리 150번지 일원,정일울산컨테이너터미널(주),1997,온산항,정일컨부두,울산광역시 울주군 온산읍 산암리 150번지 일원,1997,민간,220m(중력식),12m,"20,000DWT / 1척","3,407천 톤",정일울산컨테이너터미널(주),컨테이너,2026-09-19T13:59:08.119569+00:00
PORT0000000093,93,효성부두,울산광역시 울주군 온산읍 산암리 150번지 일원,효성,1997,온산항,효성부두,울산광역시 울주군 온산읍 산암리 150번지 일원,1997,민간,240m(중력식),12m,"30,000DWT / 1척",761천 톤,효성,화학공업생산품 등,2026-09-19T13:59:08.119569+00:00
PORT0000000094,94,LS니꼬신항부두,"울산광역시 울주군 온산읍 산암리 955, 956번지 일원",LS니꼬동제련,2011,울산신항,LS니꼬신항부두,"울산광역시 울주군 온산읍 산암리 955, 956번지 일원",2011,민간,280m(중력식),14m,"30,000DWT / 1척","1,571천 톤",LS니꼬동제련,"동, 철강, 연료 등",2026-09-19T13:59:08.119569+00:00
PORT0000000095,95,대한통운신항부두,울산광역시 울주군 온산읍 이진리 275번지,CJ대한통운,2012,울산신항,대한통운신항부두,울산광역시 울주군 온산읍 이진리 275번지,2012,민간,210m(중력식),14m,"20,000DWT / 1척",661천 톤,CJ대한통운,661천 톤,2026-09-19T13:59:08.119569+00:00
PORT0000000096,96,세방신항부두,울산광역시 울주군 온산읍 산암리 983번지,세방,2013,울산신항,세방신항부두,울산광역시 울주군 온산읍 산암리 983번지,2013,민간,240m(중력식),14m,"20,000DWT / 1척",661천 톤,세방,661천 톤,2026-09-19T13:59:08.119569+00:00
PORT0000000097,97,"신항""컨""부두1선석","울산광역시 남구 황성동 830, 831번지",UNCT,2009,울산신항,"신항""컨""부두1선석","울산광역시 남구 황성동 830, 831번지",2009,민간,920m(중력식),14m,"30,000DWT(2천TEU)/4척","7,202천 톤 (52만TEU)",UNCT,컨테이너,2026-09-19T13:59:08.119569+00:00
PORT0000000098,98,"신항""컨""부두2선석","울산광역시 남구 황성동 830, 831번지",UNCT,2009,울산신항,"신항""컨""부두2선석","울산광역시 남구 황성동 830, 831번지",2009,민간,920m(중력식),14m,"30,000DWT(2천TEU)/4척","7,202천 톤 (52만TEU)",UNCT,컨테이너,2026-09-19T13:59:08.119569+00:00
PORT0000000099,99,"신항""컨""부두3선석","울산광역시 남구 황성동 830, 831번지",UNCT,2009,울산신항,"신항""컨""부두3선석","울산광역시 남구 황성동 830, 831번지",2009,민간,920m(중력식),14m,"30,000DWT(2천TEU)/4척","7,202천 톤 (52만TEU)",UNCT,컨테이너,2026-09-19T13:59:08.119569+00:00
PORT0000000100,100,"신항""컨""부두4선석","울산광역시 남구 황성동 830, 831번지",UNCT,2009,울산신항,"신항""컨""부두4선석","울산광역시 남구 황성동 830, 831번지",2009,민간,920m(중력식),14m,14m,"7,202천 톤 (52만TEU)",UNCT,컨테이너,2026-09-19T13:59:08.119569+00:00
PORT0000000101,101,신항남방파제 T/S부두1선석,울산광역시 울주군 온산읍 산암리 수역,울산해상하역,2009,울산신항,신항남방파제 T/S부두1선석,울산광역시 울주군 온산읍 산암리 수역,2009,국가,540m,16m,"50,000DWT / 2척",,울산해상하역,"화학공업생산품,석유정제품 등",2026-09-19T13:59:08.119569+00:00
PORT0000000102,102,신항남방파제 T/S부두2선석,울산광역시 울주군 온산읍 산암리 수역,울산해상하역,2009,울산신항,신항남방파제 T/S부두2선석,울산광역시 울주군 온산읍 산암리 수역,2009,국가,540m,16m,"50,000DWT / 2척",,울산해상하역,"화학공업생산품,석유정제품 등",2026-09-19T13:59:08.119569+00:00
PORT0000000103,103,신항북방파제 T/S부두1선석,울산광역시 남구 황성동 수역,울산해상하역,2012,울산신항,신항북방파제 T/S부두1선석,울산광역시 남구 황성동 수역,2012,국가,650m,16m,"30,000DWT / 2척",,울산해상하역,"화학공업생산품,석유정제품 등",2026-09-19T13:59:08.119569+00:00
PORT0000000104,104,신항북방파제 T/S부두2선석,울산광역시 남구 황성동 수역,울산해상하역,2012,울산신항,신항북방파제 T/S부두2선석,울산광역시 남구 황성동 수역,2012,국가,650m,16m,"30,000DWT / 2척",,울산해상하역,"화학공업생산품,석유정제품 등",2026-09-19T13:59:08.119569+00:00
PORT0000000105,105,신항일반부두1선석,울산광역시 남구 황성동 829번지,동방,2009,울산신항,신항일반부두1선석,울산광역시 남구 황성동 829번지,2009,국가,340m(중력식),12m,"20,000DWT / 2척","1,396천 톤",동방,"석유정제품,철강, 철강제품 등",2026-09-19T13:59:08.119569+00:00
PORT0000000106,106,신항일반부두2선석,울산광역시 남구 황성동 829번지,동방,2009,울산신항,신항일반부두2선석,울산광역시 남구 황성동 829번지,2009,국가,340m(중력식),12m,"20,000DWT / 2척","1,396천 톤",동방,"석유정제품,철강, 철강제품 등",2026-09-19T13:59:08.119569+00:00
PORT0000000107,107,신항작업부두,울산광역시 남구 황성동,울산항만공사,1998,울산신항,신항작업부두,울산광역시 남구 황성동,1998,국가,140m(중력식),7m,"3,000DWT / 7m","1,360천 톤",울산항만공사,공사용자재,2026-09-19T13:59:08.119569+00:00
PORT0000000108,108,용연부두1선석,울산광역시 남구 황성동 380번지,울산항만공사,2016,울산신항,용연부두1선석,울산광역시 남구 황성동 380번지,2016,울산항만공사,450m(중력식),14m,"20,000DWT / 1척30,000DWT / 1척","1,280천 톤",울산항만공사,"목재, 잡화 등",2026-09-19T13:59:08.119569+00:00
PORT0000000109,109,용연부두2선석,울산광역시 남구 황성동 380번지,울산항만공사,2016,울산신항,용연부두2선석,울산광역시 남구 황성동 380번지,2016,울산항만공사,150m(중력식),14m,"20,000DWT / 1척30,000DWT / 1척","1,280천 톤",울산항만공사,"목재, 잡화 등",2026-09-19T13:59:08.119569+00:00
PORT0000000110,110,정일스톨트헤븐 울산신항 3부두,울산광역시 온산읍 산암리 984번지 일원,(주)정일스톨트헤븐울산,2013,울산신항,정일스톨트헤븐 울산신항 3부두,울산광역시 온산읍 산암리 984번지 일원,2013,민간,270m(중력식),14m,"50,000DWT / 1척","1,836천 톤",(주)정일스톨트헤븐울산,"유기화합물,석유정제품 등",2026-09-19T13:59:08.119569+00:00
PORT0000000111,111,정일스톨트헤븐 울산신항 4부두,울산광역시 온산읍 산암리 984번지 일원,(주)정일스톨트헤븐울산,2012,울산신항,정일스톨트헤븐 울산신항 4부두,울산광역시 온산읍 산암리 984번지 일원,2012,민간,270m(중력식),14m,"50,000DWT / 1척","1,836천 톤",(주)정일스톨트헤븐울산,"유기화합물,석유정제품 등",2026-09-19T13:59:08.119569+00:00
PORT0000000112,112,정일스톨트헤븐 울산신항 5부두,울산광역시 온산읍 산암리 984번지 일원,(주)정일스톨트헤븐울산,2012,울산신항,정일스톨트헤븐 울산신항 5부두,울산광역시 온산읍 산암리 984번지 일원,2012,민간,270m(중력식),14m,"50,000DWT / 1척","1,836천 톤",(주)정일스톨트헤븐울산,"석유정제품,동식물성유지 등",2026-09-19T13:59:08.119569+00:00
PORT0000000113,113,UTK신항부두,"울산광역시 울주군 온산읍 이진리 265, 266번지",유나이티드터미널코리아(주)_신항,2012,울산신항,UTK신항부두,"울산광역시 울주군 온산읍 이진리 265, 266번지",2012,2012년 / 민간,240m(중력식),14m,"20,000DWT / 1척",728천 톤,유나이티드터미널코리아(주)_신항,"목재, 펄프 등",2026-09-19T13:59:08.119569+00:00
PORT0000000114,114,한국석유공사 부이,울산광역시 울주군 온산읍 해상,한국석유공사,1995,울산신항,한국석유공사 부이,울산광역시 울주군 온산읍 해상,1995,민간,,27m,"300,000DWT / 1기",,한국석유공사,원유,2026-09-19T13:59:08.119569+00:00
PORT0000000115,115,한진신항부두,울산광역시 울주군 온산읍 이진리 274번지,한진울산신항운영,2012,울산신항,한진신항부두,울산광역시 울주군 온산읍 이진리 274번지,2012,민간,210m(중력식),14m,"20,000DWT / 1척",661천 톤,한진울산신항운영,"화학공업생산품,모래, 목재, 기계류",2026-09-19T13:59:08.119569+00:00
PORT0000000116,116,현대오일터미널 신항부두,울산광역시 울주군 온산읍 산암리 978번지,현대오일터미널(주),2013,울산신항,현대오일터미널 신항부두,울산광역시 울주군 온산읍 산암리 978번지,2013,민간,270m(중력식),14m,"50,000DWT / 1척","1,836천 톤",현대오일터미널(주),"화학공업생산품,석유정제품 등",2026-09-19T13:59:08.119569+00:00
PORT0000000117,117,미포부두,"울산광역시 동구 방어동 1425-2번지, 서부동 134번지 일원",현대중공업,1972,미포항,미포부두,"울산광역시 동구 방어동 1425-2번지, 서부동 134번지 일원",1972,민간,210m(중력식),9m,"20,000DWT / 1척",987천 톤,현대중공업,"철강, 철강제품,기계류, 선박 등",2026-09-19T13:59:08.119569+00:00
