berth_id,wharf_name,berth_no,berth_name,ownership_prefix,length_m,quay_structure,water_depth_m,water_depth_is_range,capacity_value,capacity_unit,capacity_suspect,unload_value,unload_unit,handling_cargo_name,operator_name,address,built_year,built_by,quay_length_raw,water_depth_raw,capacity_raw,unload_raw,port_code,spec_source,concurrent_vessels,port_name,note,name_source,length_basis
SK1부두-1선석,SK1부두,1.0,SK1부두1선석,국,130.0,중력식,7.5,False,5000.0,DWT,False,16000.0,Bbls,유류,SK에너지(주),울산광역시 남구 고사동 110번지 일원,1996.0,국가,130m(중력식),7.5m,"5,000DWT / 1척","16,000Bbls",PORT0000000001,UPA_WEB,,,,UPA_API,BERTH
SK1부두-2선석,SK1부두,2.0,SK1부두2선석,국,130.0,중력식,7.5,False,5000.0,DWT,False,16000.0,Bbls,유류,SK에너지(주),울산광역시 남구 고사동 110번지 일원,1996.0,국가,130m(중력식),7.5m,"5,000DWT / 2척","16,000Bbls",PORT0000000002,UPA_WEB,,,,UPA_API,BERTH
SK2부두,SK2부두,,SK2부두,국,150.0,중력식,7.5,False,5000.0,DWT,False,,,유류,SK에너지(주),울산광역시 남구 고사동 17-2번지,1967.0,국가 및 민간,150m(중력식),7.5m,"5,000DWT / 2척",,PORT0000000003,UPA_WEB,,,,UPA_WEB,BERTH
1부두,1부두,,1부두,,149.0,잔교식,8.0,False,5000.0,DWT,False,375.0,천 톤,"사료부원료,잡화 등",울산항만운영(주),울산광역시 남구 여천동 187-12,1972.0,국가,149m(잔교식),8m,"5,000DWT / 1척",375천 톤,PORT0000000004,UPA_WEB,,,,UPA_API,BERTH
2부두-1선석,2부두,1.0,2부두1선석,,170.0,잔교식,12.0,False,40000.0,DWT,False,2394.0,천 톤,일반화물액체화물,울산항만운영(주),울산광역시 남구 여천동 187-12,1969.0,국가,170m(잔교식),12m,"40,000DWT / 1척","2,394천 톤",PORT0000000005,UPA_WEB,,,,UPA_API,BERTH
2부두-2선석,2부두,2.0,2부두2선석,,298.0,중력식,12.0,False,20000.0,DWT,False,2394.0,천 톤,일반화물액체화물,울산항만운영(주),울산광역시 남구 여천동 187-12,1969.0,국가,298m(중력식),12m,"20,000DWT / 1척","2,394천 톤",PORT0000000006,UPA_WEB,,,,UPA_API,BERTH
2부두-3선석,2부두,3.0,2부두3선석,,132.0,중력식,12.0,False,5000.0,DWT,False,2394.0,천 톤,일반화물액체화물,울산항만운영(주),울산광역시 남구 여천동 187-12,1969.0,국가,132m(중력식),12m,"5,000DWT / 1척","2,394천 톤",PORT0000000007,UPA_WEB,,,,UPA_API,BERTH
3부두-1선석,3부두,1.0,3부두1선석,,,중력식,9.0,False,10000.0,DWT,False,1202.0,천 톤,"석유정제품 가스,광석 등",울산항만운영(주),울산광역시 남구 매암동 472번지 일원,1971.0,국가,347m(중력식),9m,"10,000DWT / 2척","1,202천 톤",PORT0000000008,UPA_WEB,,,,UPA_API,WHARF_TOTAL
3부두-2선석,3부두,2.0,3부두2선석,,,중력식,9.0,False,10000.0,DWT,False,1202.0,천 톤,"석유정제품 가스,광석 등",(주)신흥사,울산광역시 남구 매암동 472번지 일원,1980.0,국가,347m(중력식),9m,"10,000DWT / 2척","1,202천 톤",PORT0000000009,UPA_WEB,,,,UPA_API,WHARF_TOTAL
4부두-1선석,4부두,1.0,4부두1선석,,210.0,중력식,11.0,False,20000.0,DWT,False,1495.0,천 톤,"화학공업생산품,비료 등",(주)신흥사,울산광역시 남구 매암동 472번지 일원,1966.0,국가,210m(중력식),11m,"20,000DWT / 1척","1,495천 톤",PORT0000000010,UPA_WEB,,,,UPA_API,BERTH
4부두-2선석,4부두,2.0,4부두2선석,,114.0,중력식,9.0,False,5000.0,DWT,False,1495.0,천 톤,"화학공업생산품,비료 등",(주)신흥사,울산광역시 남구 매암동 472번지 일원,1971.0,국가,114m(중력식),9m,"5,000DWT / 1척","1,495천 톤",PORT0000000011,UPA_WEB,,,,UPA_API,BERTH
5부두,5부두,,5부두,,220.0,중력식,11.5,False,20000.0,DWT,False,549.0,천 톤,"철강제품,기계부품 등",고려항만(주),울산광역시 남구 매암동 472번지 일원,1980.0,국가,220m(중력식),11.5m,"20,000DWT / 1척",549천 톤,PORT0000000012,UPA_WEB,,,,UPA_API,BERTH
6부두-1선석,6부두,1.0,6부두1선석,,,잔교식,12.0,False,30000.0,DWT,False,3564.0,천 톤,"중장비,비료, 광석 등",고려항만(주),"울산광역시 남구 매암동 1-3번지, 360번지 일원",1994.0,국가,990m 390m(잔교식) 600m(중력식),12m,"30,000DWT / 4척","3,564천 톤",PORT0000000013,UPA_WEB,,,,UPA_API,
6부두-2선석,6부두,2.0,6부두2선석,,,잔교식,12.0,False,30000.0,DWT,False,3564.0,천 톤,"중장비,비료, 광석 등",고려항만(주),"울산광역시 남구 매암동 1-3번지, 360번지 일원",1994.0,국가,990m 390m(잔교식)  600m(중력식),12m,"30,000DWT / 4척","3,564천 톤",PORT0000000014,UPA_WEB,,,,UPA_API,
6부두-3선석,6부두,3.0,6부두3선석,,,중력식,12.0,False,30000.0,DWT,False,3564.0,천 톤,"중장비,비료, 광석 등",한국보팍터미날,"울산광역시 남구 매암동 1-3번지, 360번지 일원",1994.0,국가,990m 390m(중력식) 600m(잔교식),12m,"30,000DWT / 4척","3,564천 톤",PORT0000000015,UPA_WEB,,,,UPA_API,
6부두-4선석,6부두,4.0,6부두4선석,,,중력식,12.0,False,30000.0,DWT,False,3564.0,천 톤,"중장비,비료, 광석 등","울산항6,7부두운영","울산광역시 남구 매암동 1-3번지, 360번지 일원",1994.0,국가,990m 390m(중력식)  600m(잔교식),12m,"30,000DWT / 4척","3,564천 톤",PORT0000000016,UPA_WEB,,,,UPA_API,
6부두-5선석,6부두,5.0,6부두5선석,,,중력식,12.0,False,30000.0,DWT,False,3564.0,천 톤,"중장비,비료, 광석 등","울산항6,7부두운영","울산광역시 남구 매암동 1-3번지, 360번지 일원",1994.0,국가,990m 390m(중력식) 600m(잔교식),12m,"30,000DWT / 4척","3,564천 톤",PORT0000000017,UPA_WEB,,,,UPA_API,
7부두,7부두,,7부두,,210.0,잔교식,11.0,False,20000.0,DWT,False,509.0,천 톤,"기계부품,비료 등","울산항6,7부두운영","울산광역시 남구 매암동 1번지, 354번지, 359번지 일원",1996.0,국가,210m(잔교식),11m,"20,000DWT / 1척",509천 톤,PORT0000000018,UPA_WEB,,,,UPA_API,BERTH
8부두-1선석,8부두,1.0,8부두1선석,,,중력식,11.0,False,20000.0,DWT,False,1208.0,천 톤,"코르크, 비료,광석 등","울산항6,7부두운영",울산광역시 남구 매암동 1-17,2002.0,국가,375m(중력식),11m,"20,000DWT / 1척","1,208천 톤",PORT0000000019,UPA_WEB,,,,UPA_API,WHARF_TOTAL
8부두-2선석,8부두,2.0,8부두2선석,,,중력식,11.0,False,10000.0,DWT,False,1208.0,천 톤,"코르크, 비료,광석 등",울산항만공사,울산광역시 남구 매암동 1-17,2002.0,국가,375m(중력식),11m,"10,000DWT / 1척","1,208천 톤",PORT0000000020,UPA_WEB,,,,UPA_API,WHARF_TOTAL
9부두,9부두,,9부두,,150.0,중력식,8.0,False,5000.0,DWT,False,375.0,천 톤,"광석, 비료,석유정제품 등",울산항만공사,울산광역시 남구 매암동 139-45,2003.0,국가,150m(중력식),8m,"5,000DWT / 1척",375천 톤,PORT0000000021,UPA_WEB,,,,UPA_API,BERTH
SK2부두-1선석,SK2부두,1.0,SK2부두1선석,,,잔교식,8.0,False,,DWT,False,,,유류,SK에너지(주),울산광역시 남구 고사동 17-2번지,1967.0,국가 및 민간,430m(잔교식),8m,"3,000DWT / 2척4,000DWT / 1척6,000DWT / 1척",,PORT0000000022,UPA_WEB,,,,UPA_WEB,AMBIGUOUS
SK2부두-2선석,SK2부두,2.0,SK2부두2선석,,,잔교식,8.0,False,,DWT,False,,,유류,SK에너지(주),울산광역시 남구 고사동 17-2번지,1967.0,국가 및 민간,430m(잔교식),8m,"3,000DWT / 2척4,000DWT / 1척6,000DWT / 1척",,PORT0000000023,UPA_WEB,,,,UPA_WEB,AMBIGUOUS
SK2부두-3선석,SK2부두,3.0,SK2부두3선석,,,잔교식,8.0,False,,DWT,False,,,유류,SK에너지(주),울산광역시 남구 고사동 17-2번지,1967.0,국가 및 민간,430m(잔교식),8m,"3,000DWT / 2척4,000DWT / 1척6,000DWT / 1척",,PORT0000000024,UPA_WEB,,,,UPA_WEB,AMBIGUOUS
SK2부두-4선석,SK2부두,4.0,SK2부두4선석,,,잔교식,8.0,False,,DWT,False,,,유류,SK에너지(주),울산광역시 남구 고사동 17-2번지,1967.0,국가 및 민간,430m(잔교식),8m,"3,000DWT / 2척4,000DWT / 1척6,000DWT / 1척",,PORT0000000025,UPA_WEB,,,,UPA_WEB,AMBIGUOUS
SK2부이,SK2부이,,SK2부이,,,,27.0,False,325000.0,DWT,False,,,원유,SK에너지(주),울산광역시 남구 용잠동 해상,1978.0,민간,,27m,"325,000DWT / 2척",,PORT0000000026,UPA_WEB,,,,UPA_API,
SK3부두,SK3부두,,SK3부두,,130.0,강관돌핀,12.0,False,50000.0,DWT,False,10000.0,Bbls,유류,SK에너지(주),울산광역시 남구 용잠동 수역,1966.0,민간,130m(강관돌핀),12m,"50,000DWT / 1척","10,000Bbls",PORT0000000027,UPA_WEB,,,,UPA_API,BERTH
SK3부이,SK3부이,,SK3부이,,,,27.0,False,325000.0,DWT,False,,,원유,SK에너지(주),울산광역시 남구 용잠동 해상,1996.0,민간,,27m,"325,000DWT / 2척",,PORT0000000028,UPA_WEB,,,,UPA_API,
SK4부두-1선석,SK4부두,1.0,SK4부두1선석,,,강관돌핀,10.0,False,,DWT,False,24000.0,Bbls,유류,SK에너지(주),울산광역시 남구 용잠동 수역,1978.0,민간,228m(강관돌핀),10m,"1,000DWT / 1척4,000DWT / 2척","24,000Bbls",PORT0000000029,UPA_WEB,,,,UPA_API,WHARF_TOTAL
SK4부두-2선석,SK4부두,2.0,SK4부두2선석,,,강관돌핀,10.0,False,,DWT,False,24000.0,Bbls,유류,SK에너지(주),울산광역시 남구 용잠동 수역,1978.0,민간,228m(강관돌핀),10m,"1,000DWT / 1척4,000DWT / 2척","24,000Bbls",PORT0000000030,UPA_WEB,,,,UPA_API,WHARF_TOTAL
SK4부두-3선석,SK4부두,3.0,SK4부두3선석,,,강관돌핀,10.0,False,,DWT,False,24000.0,Bbls,유류,SK에너지(주),울산광역시 남구 용잠동 수역,1978.0,민간,228m(강관돌핀),10m,"1,000DWT / 1척4,000DWT / 2척","24,000Bbls",PORT0000000031,UPA_WEB,,,,UPA_API,WHARF_TOTAL
SK5부두-1선석,SK5부두,1.0,SK5부두1선석,,,강관돌핀,11.0,False,,DWT,False,34000.0,Bbls,유류,SK에너지(주),울산광역시 남구 용잠동 수역,1993.0,민간,798m(강관돌핀),11m,"2,000DWT / 2척4,000DWT / 1척5,000DWT / 1척15,000DWT / 1척","34,000Bbls",PORT0000000032,UPA_WEB,,,,UPA_API,WHARF_TOTAL
SK5부두-2선석,SK5부두,2.0,SK5부두2선석,,,강관돌핀,11.0,False,,DWT,False,34000.0,Bbls,유류,SK에너지(주),울산광역시 남구 용잠동 수역,1993.0,민간,798m(강관돌핀),11m,"2,000DWT / 2척4,000DWT / 1척5,000DWT / 1척15,000DWT / 1척","34,000Bbls",PORT0000000033,UPA_WEB,,,,UPA_API,WHARF_TOTAL
SK5부두-3선석,SK5부두,3.0,SK5부두3선석,,,강관돌핀,11.0,False,,DWT,False,34000.0,Bbls,유류,SK에너지(주),울산광역시 남구 용잠동 수역,1993.0,민간,798m(강관돌핀),11m,"2,000DWT / 2척4,000DWT / 1척5,000DWT / 1척15,000DWT / 1척","34,000Bbls",PORT0000000034,UPA_WEB,,,,UPA_API,WHARF_TOTAL
SK5부두-4선석,SK5부두,4.0,SK5부두4선석,,,강관돌핀,11.0,False,,DWT,False,34000.0,Bbls,유류,SK에너지(주),울산광역시 남구 용잠동 수역,1993.0,민간,798m(강관돌핀),11m,"2,000DWT / 2척4,000DWT / 1척5,000DWT / 1척15,000DWT / 1척","34,000Bbls",PORT0000000035,UPA_WEB,,,,UPA_API,WHARF_TOTAL
SK5부두-5선석,SK5부두,5.0,SK5부두5선석,,,강관돌핀,11.0,False,,DWT,False,34000.0,Bbls,유류,SK에너지(주),울산광역시 남구 용잠동 수역,1993.0,민간,798m(강관돌핀),11m,"2,000DWT / 2척4,000DWT / 1척5,000DWT / 1척15,000DWT / 1척","34,000Bbls",PORT0000000036,UPA_WEB,,,,UPA_API,WHARF_TOTAL
SK6부두,SK6부두,,SK6부두,,347.0,강관돌핀,15.0,False,70000.0,DWT,False,25000.0,Bbls,"유류, 가스 등",SK에너지(주),울산광역시 남구 용잠동 수역,1983.0,민간,347m(강관돌핀),15m,"70,000DWT / 1척","25,000Bbls",PORT0000000037,UPA_WEB,,,,UPA_API,BERTH
SK7부두,SK7부두,,SK7부두,,370.0,강관돌핀,15.0,False,130000.0,DWT,False,25000.0,Bbls,"유류, 케미칼 등",SK에너지(주),울산광역시 남구 용잠동 수역,1990.0,민간,370m(강관돌핀),15m,"130,000DWT / 1척","25,000Bbls",PORT0000000038,UPA_WEB,,,,UPA_API,BERTH
SK8부두,SK8부두,,SK8부두,,400.0,,18.0,False,150000.0,DWT,False,40000.0,Bbls,"원유, 유류 등",SK에너지(주),울산광역시 남구 용잠동 수역,1996.0,민간,400m(강관돌핀,18m,"150,000DWT / 1척","40,000Bbls",PORT0000000039,UPA_WEB,,,,UPA_API,BERTH
UTT부두,UTT부두,,UTT부두,,80.0,돌핀,11.0,False,40000.0,DWT,False,979.0,천 톤,"화학공업생산품,석유정제품 등",태영인더스트리,울산광역시 남구 용잠동 484번지 일원,1983.0,국가,80m(돌핀),11m,"40,000DWT / 1척",979천 톤,PORT0000000040,UPA_WEB,,,,UPA_API,BERTH
가스부두-1선석,가스부두,1.0,가스부두1선석,,,중력식,7.5,False,1000.0,DWT,False,,,가스 및 연료 등,SK가스(주),울산광역시 남구 용잠동 60-16번지,1988.0,국가,360m(중력식),7.5m,"1,000DWT / 1척",,PORT0000000041,UPA_WEB,,,,UPA_API,WHARF_TOTAL
가스부두-2선석,가스부두,2.0,가스부두2선석,,,중력식,7.5,False,5000.0,DWT,False,,,가스 및 연료 등,SK가스(주),울산광역시 남구 용잠동 60-16번지,1988.0,국가,360m(중력식),7.5m,"5,000DWT / 1척",,PORT0000000042,UPA_WEB,,,,UPA_API,WHARF_TOTAL
가스부두-3선석,가스부두,3.0,가스부두3선석,,,중력식,7.5,False,8000.0,DWT,False,,,가스 및 연료 등,SK가스(주),울산광역시 남구 용잠동 60-16번지,1988.0,국가,360m(중력식),7.5m,"8,000DWT / 1척",,PORT0000000043,UPA_WEB,,,,UPA_API,WHARF_TOTAL
남화부두-1선석,남화부두,1.0,남화부두1선석,,,중력식,7.0,False,3000.0,DWT,False,,,해양 배출폐기물 처리,울산항만공사,울산광역시 남구 용잠동 67번지 일원,2005.0,국가,150m(중력식),7m,"3,000DWT / 2척",,PORT0000000044,UPA_WEB,,,,UPA_API,WHARF_TOTAL
남화부두-2선석,남화부두,2.0,남화부두2선석,,,중력식,7.0,False,3000.0,DWT,False,,,해양 배출폐기물 처리,울산항만공사,울산광역시 남구 용잠동 67번지 일원,2005.0,국가,150m(중력식),7m,"3,000DWT / 2척",,PORT0000000045,UPA_WEB,,,,UPA_API,WHARF_TOTAL
석탄부두,석탄부두,,석탄부두,,270.0,잔교식,12.0,False,40000.0,DWT,False,1544.0,천 톤,석탄,CJ대한통운,울산광역시 남구 여천동 187-10,1984.0,국가,270m(잔교식),12m,"40,000DWT / 1척","1,544천 톤",PORT0000000046,UPA_WEB,,,,UPA_API,BERTH
양곡부두,양곡부두,,양곡부두,,185.0,잔교식,,False,50000.0,DWT,False,1674.0,천 톤,"당류, 양곡류 등",태영인더스트리,울산광역시 남구 용잠동 1-4번지,1986.0,국가,185m(잔교식),,"50,000DWT / 1척","1,674천 톤",PORT0000000047,UPA_WEB,,,,UPA_API,BERTH
염포부두-1선석,염포부두,1.0,염포부두1선석,,,중력식,12.0,False,30000.0,DWT,False,2819.0,천 톤,"철강,차량 및 부품 등",대주중공업,울산광역시 동구 방어동 1292번지 일원,1983.0,국가,810m(중력식),12m,"30,000DWT / 3척","2,819천 톤",PORT0000000048,UPA_WEB,,,,UPA_API,WHARF_TOTAL
염포부두-2선석,염포부두,2.0,염포부두2선석,,,중력식,12.0,False,30000.0,DWT,False,2819.0,천 톤,"철강,차량 및 부품 등",대주중공업,울산광역시 동구 방어동 1292번지 일원,2009.0,국가,810m(중력식),12m,"30,000DWT / 3척","2,819천 톤",PORT0000000049,UPA_WEB,,,,UPA_API,WHARF_TOTAL
염포부두-3선석,염포부두,3.0,염포부두3선석,,,중력식,12.0,False,30000.0,DWT,False,2819.0,천 톤,"철강,차량 및 부품 등",동방,울산광역시 동구 방어동 1292번지 일원,2012.0,국가,810m(중력식),12m,"30,000DWT / 3척","2,819천 톤",PORT0000000050,UPA_WEB,,,,UPA_API,WHARF_TOTAL
용잠1부두,용잠1부두,,용잠1부두,,88.0,중력식,7.0,False,3000.0,DWT,False,930.0,천 톤,석유정제품 등,태영인더스트리,울산광역시 남구 용잠동 484번지 일원,1983.0,국가,88m(중력식),7m,"3,000DWT / 1척",930천 톤,PORT0000000051,UPA_WEB,,,,UPA_API,BERTH
용잠2부두,용잠2부두,,용잠3부두,,155.0,중력식,7.0,False,3000.0,DWT,False,930.0,천 톤,석유정제품 등,태영인더스트리,울산광역시 남구 용잠동 484번지 일원,1979.0,국가,155m(중력식),7m,"3,000DWT / 1척",930천 톤,PORT0000000052,UPA_WEB,,,,UPA_API,BERTH
일반부두-1선석,일반부두,1.0,일반부두1선석,,,중력식,7.0,False,,DWT,False,2056.0,천 톤,"모래, 철강,석유정제품 등",울산항만공사,울산광역시 남구 매암동 139번지 일원,1979.0,국가,679m(중력식),7m,"5,000DWT / 2척1,000DWT / 5척","2,056천 톤",PORT0000000053,UPA_WEB,,,,UPA_API,WHARF_TOTAL
일반부두-2선석,일반부두,2.0,일반부두2선석,,,중력식,7.0,False,,DWT,False,2056.0,천 톤,"모래, 철강,석유정제품 등",울산항만공사,울산광역시 남구 매암동 139번지 일원,1979.0,국가,679m(중력식),7m,"5,000DWT / 2척1,000DWT / 5척","2,056천 톤",PORT0000000054,UPA_WEB,,,,UPA_API,WHARF_TOTAL
일반부두-3선석,일반부두,3.0,일반부두3선석,,,중력식,7.0,False,,DWT,False,2056.0,천 톤,"모래, 철강,석유정제품 등",울산항만공사,울산광역시 남구 매암동 139번지 일원,1979.0,국가,679m(중력식),7m,"5,000DWT / 2척1,000DWT / 5척","2,056천 톤",PORT0000000055,UPA_WEB,,,,UPA_API,WHARF_TOTAL
일반부두-4선석,일반부두,4.0,일반부두4선석,,,중력식,7.0,False,,DWT,False,2056.0,천 톤,"모래, 철강,석유정제품 등",울산항만공사,울산광역시 남구 매암동 139번지 일원,1979.0,국가,679m(중력식),7m,"5,000DWT / 2척1,000DWT / 5척","2,056천 톤",PORT0000000056,UPA_WEB,,,,UPA_API,WHARF_TOTAL
일반부두-5선석,일반부두,5.0,일반부두5선석,,,중력식,7.0,False,,DWT,False,2056.0,천 톤,"모래, 철강,석유정제품 등",울산항만공사,울산광역시 남구 매암동 139번지 일원,1979.0,국가,679m(중력식),7m,"5,000DWT / 2척1,000DWT / 5척","2,056천 톤",PORT0000000057,UPA_WEB,,,,UPA_API,WHARF_TOTAL
일반부두-6선석,일반부두,6.0,일반부두6선석,,,중력식,7.0,False,,DWT,False,2056.0,천 톤,"모래, 철강,석유정제품 등",울산항만공사,울산광역시 남구 매암동 139번지 일원,1979.0,국가,679m(중력식),7m,"5,000DWT / 2척1,000DWT / 5척","2,056천 톤",PORT0000000058,UPA_WEB,,,,UPA_API,WHARF_TOTAL
일반부두-7선석,일반부두,7.0,일반부두7선석,,,중력식,7.0,False,,DWT,False,2056.0,천 톤,"모래, 철강,석유정제품 등",울산항만공사,울산광역시 남구 매암동 139번지 일원,1979.0,국가,679m(중력식),7m,"5,000DWT / 2척1,000DWT / 5척","2,056천 톤",PORT0000000059,UPA_WEB,,,,UPA_API,WHARF_TOTAL
자동차부두-1선석,자동차부두,1.0,자동차부두1선석,,,잔교식,11.5,False,40000.0,DWT,False,9425.0,천 톤,차량 및 부품,현대자동차,"울산광역시 동구 방어동 1178, 1181~2번지 일원",1987.0,국가,830m(잔교식),11.5m,"40,000DWT / 1척","9,425천 톤",PORT0000000060,UPA_WEB,,,,UPA_API,WHARF_TOTAL
자동차부두-2선석,자동차부두,2.0,자동차부두2선석,,,잔교식,11.5,False,40000.0,DWT,False,9425.0,천 톤,차량 및 부품,현대자동차,"울산광역시 동구 방어동 1178, 1181~2번지 일원",1987.0,국가,830m(잔교식),11.5m,"40,000DWT / 1척","9,425천 톤",PORT0000000061,UPA_WEB,,,,UPA_API,WHARF_TOTAL
자동차부두-3선석,자동차부두,3.0,자동차부두3선석,,,잔교식,11.5,False,40000.0,DWT,False,9425.0,천 톤,차량 및 부품,현대자동차,"울산광역시 동구 방어동 1178, 1181~2번지 일원",1996.0,국가,830m(잔교식),11.5m,"40,000DWT / 1척","9,425천 톤",PORT0000000062,UPA_WEB,,,,UPA_API,WHARF_TOTAL
OTK1부두-1선석,OTK1부두,1.0,OTK1부두1선석,,,돌핀,11.0,False,,DWT,False,965.0,천 톤,"화학공업생산품,석유정제품 등",오드펠터미널코리아,울산광역시 울주군 온산읍 처용리 수역,1991.0,민간,391m(돌핀),11m,"40,000DWT / 1척20,000DWT / 1척",965천 톤,PORT0000000063,UPA_WEB,,,,UPA_API,WHARF_TOTAL
OTK1부두-2선석,OTK1부두,2.0,OTK1부두2선석,,,돌핀,11.0,False,,DWT,False,965.0,천 톤,"화학공업생산품,석유정제품 등",오드펠터미널코리아,울산광역시 울주군 온산읍 처용리 수역,1991.0,민간,391m(돌핀),11m,"40,000DWT / 1척20,000DWT / 1척",965천 톤,PORT0000000064,UPA_WEB,,,,UPA_API,WHARF_TOTAL
OTK2부두-1선석,OTK2부두,1.0,OTK2부두1선석,,,돌핀,9.0,False,10000.0,DWT,False,1859.0,천 톤,화학공업생산품,오드펠터미널코리아,울산광역시 울주군 온산읍 처용리 수역,1991.0,민간,275m(돌핀),9m,"10,000DWT / 2척","1,859천 톤",PORT0000000065,UPA_WEB,,,,UPA_API,WHARF_TOTAL
OTK2부두-2선석,OTK2부두,2.0,OTK2부두2선석,,,돌핀,9.0,False,10000.0,DWT,False,1859.0,천 톤,화학공업생산품,오드펠터미널코리아,울산광역시 울주군 온산읍 처용리 수역,1991.0,민간,275m(돌핀),9m,"10,000DWT / 2척","1,859천 톤",PORT0000000066,UPA_WEB,,,,UPA_API,WHARF_TOTAL
S-Oil 1부두-1선석,S-Oil 1부두,1.0,S-Oil 1부두1선석,,,돌핀,11.0,False,,DWT,False,,,"화학공업생산품,석유정제품 등",S-OIL,울산광역시 울주군 온산읍 산암리 수역,1980.0,민간,280m(돌핀),11m,"50,000DWT / 1척20,000DWT / 1척",,PORT0000000067,UPA_WEB,,,,UPA_API,WHARF_TOTAL
S-Oil 1부두-2선석,S-Oil 1부두,2.0,S-Oil 1부두2선석,,,돌핀,11.0,False,,DWT,False,,,"50,000DWT / 1척20,000DWT / 1척",S-OIL,울산광역시 울주군 온산읍 산암리 수역,1980.0,민간,280m(돌핀),11m,"50,000DWT / 1척20,000DWT / 1척",,PORT0000000068,UPA_WEB,,,,UPA_API,WHARF_TOTAL
S-Oil 2부두-1선석,S-Oil 2부두,1.0,S-Oil 2부두1선석,,,돌핀,15.5,False,,DWT,False,,,"화학공업생산품,석유정제품 등",S-OIL,울산광역시 울주군 온산읍 산암리 수역,1991.0,민간,340m(돌핀),15.5m,"120,000DWT / 1척15,000DWT / 1척5,000DWT / 1척",,PORT0000000069,UPA_WEB,,,,UPA_API,WHARF_TOTAL
S-Oil 2부두-2선석,S-Oil 2부두,2.0,S-Oil 2부두2선석,,,돌핀,15.5,False,,m,True,,,"화학공업생산품,석유정제품 등",S-OIL,울산광역시 울주군 온산읍 산암리 수역,1991.0,민간,340m(돌핀),15.5m,15.5m,,PORT0000000070,UPA_WEB,,,,UPA_API,WHARF_TOTAL
S-Oil 2부두-3선석,S-Oil 2부두,3.0,S-Oil 2부두3선석,,,돌핀,15.5,False,,DWT,False,,,"화학공업생산품,석유정제품 등",S-OIL,울산광역시 울주군 온산읍 산암리 수역,1997.0,민간,340m(돌핀),15.5m,"120,000DWT / 1척15,000DWT / 1척5,000DWT / 1척",,PORT0000000071,UPA_WEB,,,,UPA_API,WHARF_TOTAL
S-Oil 3부두-1선석,S-Oil 3부두,1.0,S-Oil 3부두1선석,,,돌핀,14.0,False,,DWT,False,,,"50,000DWT / 1척10,000DWT / 1척",S-OIL,울산광역시 울주군 온산읍 방도리 수역,2009.0,민간,280m(돌핀),14m,"50,000DWT / 1척10,000DWT / 1척",,PORT0000000072,UPA_WEB,,,,UPA_API,WHARF_TOTAL
S-Oil 3부두-2선석,S-Oil 3부두,2.0,S-Oil 3부두2선석,,,돌핀,14.0,False,,DWT,False,,,"50,000DWT / 1척10,000DWT / 1척",S-OIL,울산광역시 울주군 온산읍 방도리 수역,2009.0,민간,280m(돌핀),14m,"50,000DWT / 1척10,000DWT / 1척",,PORT0000000073,UPA_WEB,,,,UPA_API,WHARF_TOTAL
S-Oil부이,S-Oil부이,,S-Oil 신부이,,,,27.0,False,350000.0,DWT,False,,,"350,000DWT / 1기",S-OIL,울산광역시 울주군 온산읍 해상,1980.0,민간,,27m,"350,000DWT / 1기",,PORT0000000074,UPA_WEB,,,,UPA_API,
UTK부두-1선석,UTK부두,1.0,UTK부두1선석,,240.0,중력식,12.0,False,,DWT,False,2363.0,천 톤,"화학공업생산품,석유정제품 등",유나이티드터미널코리아,울산광역시 울주군 온산읍 처용리 수역,2009.0,민간,240m(중력식),12m,"30,000DWT / 1척8,000DWT / 1척","2,363천 톤",PORT0000000075,UPA_WEB,,,,UPA_API,BERTH
UTK부두-2선석,UTK부두,2.0,UTK부두2선석,,246.0,돌핀,12.0,False,,DWT,False,2363.0,천 톤,"화학공업생산품,석유정제품 등",유나이티드터미널코리아,울산광역시 울주군 온산읍 처용리 수역,2009.0,민간,246m(돌핀),12m,"30,000DWT / 1척8,000DWT / 1척","2,363천 톤",PORT0000000076,UPA_WEB,,,,UPA_API,BERTH
달포부두-1선석,달포부두,1.0,달포부두1선석,,,중력식,7.0,False,3000.0,DWT,False,,,"조선기자재,규사 등",울산항만공사,"울산광역시 울주군 온산읍 산암리 150-7번지, 320번지, 321-1번지",2002.0,국가,325m(중력식),7m,"3,000DWT / 2척",,PORT0000000077,UPA_WEB,,,,UPA_API,WHARF_TOTAL
달포부두-2선석,달포부두,2.0,달포부두2선석,,,중력식,7.0,False,3000.0,DWT,False,,,"조선기자재,규사 등",울산항만공사,"울산광역시 울주군 온산읍 산암리 150-7번지, 320번지, 321-1번지",2002.0,국가,325m(중력식),7m,"3,000DWT / 2척",,PORT0000000078,UPA_WEB,,,,UPA_API,WHARF_TOTAL
대한유화부두-1선석,대한유화부두,1.0,대한유화부두1선석,,,돌핀,12.0,False,,DWT,False,1581.0,천 톤,석유정제품 등,대한유화(주),울산광역시 울주군 온산읍 처용리 수역,1991.0,민간,320m(돌핀),12m,"80,000DWT / 1척50,000DWT / 1척","1,581천 톤",PORT0000000079,UPA_WEB,,,,UPA_API,WHARF_TOTAL
대한유화부두-2선석,대한유화부두,2.0,대한유화부두2선석,,,돌핀,12.0,False,,DWT,False,1581.0,천 톤,석유정제품 등,대한유화(주),울산광역시 울주군 온산읍 처용리 수역,1991.0,민간,320m(돌핀),12m,"80,000DWT / 1척50,000DWT / 1척","1,581천 톤",PORT0000000080,UPA_WEB,,,,UPA_API,WHARF_TOTAL
S-Oil 4부두-1선석,S-Oil 4부두,1.0,S-Oil 4부두1선석,,,중력식,,False,30000.0,DWT,False,,,화학공업생산품 등,동북화학,울산광역시 울주군 온산읍 산암리 150번지 일원,2003.0,민간,585m(중력식),,"30,000DWT / 1척",,PORT0000000081,UPA_WEB,,,,UPA_API,WHARF_TOTAL
S-Oil 4부두-2선석,S-Oil 4부두,2.0,S-Oil 4부두2선석,,,중력식,12.0,False,10000.0,DWT,False,,,화학공업생산품 등,동북화학,울산광역시 울주군 온산읍 산암리 150번지 일원,2008.0,민간,585m(중력식),12m,"10,000DWT 2척",,PORT0000000082,UPA_WEB,,,,UPA_API,WHARF_TOTAL
S-Oil 4부두-3선석,S-Oil 4부두,3.0,S-Oil 4부두3선석,,,중력식,12.0,False,10000.0,DWT,False,,,화학공업생산품 등,동북화학,울산광역시 울주군 온산읍 산암리 150번지 일원,2008.0,민간,585m(중력식),12m,"10,000DWT 2척",,PORT0000000083,UPA_WEB,,,,UPA_API,WHARF_TOTAL
온산1부두,온산1부두,,온산1부두,,270.0,중력식,11.0,False,20000.0,DWT,False,905.0,천 톤,"모래, 광석,석유정제품 등",KG케미칼,울산광역시 울주군 온산읍 산암리 143번지 일원,1993.0,국가,270m(중력식),11m,"20,000DWT / 1척",905천 톤,PORT0000000084,UPA_WEB,,,,UPA_API,BERTH
온산2부두,온산2부두,,온산2부두,,210.0,중력식,11.0,False,20000.0,DWT,False,816.0,천 톤,"석유정제품,광석 등",LS니꼬동제련,울산광역시 울주군 온산읍 산암리 143번지 일원,1981.0,국가,210m(중력식),11m,"20,000DWT / 1척",816천 톤,PORT0000000085,UPA_WEB,,,,UPA_API,BERTH
온산3부두,온산3부두,,온산3부두,,230.0,잔교식,12.0,False,20000.0,DWT,False,816.0,천 톤,"석유정제품,광석 등",고려아연(주),울산광역시 울주군 온산읍 산암리 143-20,1991.0,국가,230m(잔교식),12m,"20,000DWT / 1척",816천 톤,PORT0000000086,UPA_WEB,,,,UPA_API,BERTH
온산4부두,온산4부두,,온산4부두,,210.0,중력식,11.0,False,20000.0,DWT,False,20000.0,DWT / 1척,"석유정제품,시멘트 등",한라시멘트,울산광역시 울주군 온산읍 산암리 143번지 일원,1992.0,국가,210m(중력식),11m,"20,000DWT / 1척","20,000DWT / 1척",PORT0000000087,UPA_WEB,,,,UPA_API,BERTH
정일1부두-1선석,정일1부두,1.0,정일1부두1선석,,,돌핀,11.0,False,,DWT,False,925.0,천 톤,석유정제품 등,(주)정일스톨트헤븐울산,울산광역시 울주군 온산읍 산암리 수역,1988.0,민간,354m(돌핀),11m,"40,000DWT / 1척3,000DWT / 1척",925천 톤,PORT0000000088,UPA_WEB,,,,UPA_API,WHARF_TOTAL
정일1부두-2선석,정일1부두,2.0,정일1부두2선석,,,돌핀,11.0,False,,DWT,False,925.0,천 톤,석유정제품 등,(주)정일스톨트헤븐울산,울산광역시 울주군 온산읍 산암리 수역,1988.0,민간,354m(돌핀),11m,"40,000DWT / 1척3,000DWT / 1척",925천 톤,PORT0000000089,UPA_WEB,,,,UPA_API,WHARF_TOTAL
정일2부두-1선석,정일2부두,1.0,정일2부두1선석,,,돌핀,12.5,False,,DWT,False,1395.0,천 톤,석유정제품 등,(주)정일스톨트헤븐울산,울산광역시 울주군 온산읍 산암리 수역,2002.0,민간,256m(돌핀),12.5m,"40,000DWT / 1척20,000DWT / 1척","1,395천 톤",PORT0000000090,UPA_WEB,,,,UPA_API,WHARF_TOTAL
정일2부두-2선석,정일2부두,2.0,정일2부두2선석,,,돌핀,12.5,False,,DWT,False,1395.0,천 톤,석유정제품 등,(주)정일스톨트헤븐울산,울산광역시 울주군 온산읍 산암리 수역,2002.0,민간,256m(돌핀),12.5m,"40,000DWT / 1척20,000DWT / 1척","1,395천 톤",PORT0000000091,UPA_WEB,,,,UPA_API,WHARF_TOTAL
정일컨부두,정일컨부두,,정일컨부두,,220.0,중력식,12.0,False,20000.0,DWT,False,3407.0,천 톤,컨테이너,정일울산컨테이너터미널(주),울산광역시 울주군 온산읍 산암리 150번지 일원,1997.0,민간,220m(중력식),12m,"20,000DWT / 1척","3,407천 톤",PORT0000000092,UPA_WEB,,,,UPA_API,BERTH
효성부두,효성부두,,효성부두,,240.0,중력식,12.0,False,30000.0,DWT,False,761.0,천 톤,화학공업생산품 등,효성,울산광역시 울주군 온산읍 산암리 150번지 일원,1997.0,민간,240m(중력식),12m,"30,000DWT / 1척",761천 톤,PORT0000000093,UPA_WEB,,,,UPA_API,BERTH
LS MNM 신항부두,LS MNM 신항부두,,LS니꼬신항부두,,280.0,중력식,14.0,False,30000.0,DWT,False,1571.0,천 톤,"동, 철강, 연료 등",LS니꼬동제련,"울산광역시 울주군 온산읍 산암리 955, 956번지 일원",2011.0,민간,280m(중력식),14m,"30,000DWT / 1척","1,571천 톤",PORT0000000094,UPA_WEB,,,,UPA_API,BERTH
대한통운신항부두,대한통운신항부두,,대한통운신항부두,,210.0,중력식,14.0,False,20000.0,DWT,False,661.0,천 톤,661천 톤,CJ대한통운,울산광역시 울주군 온산읍 이진리 275번지,2012.0,민간,210m(중력식),14m,"20,000DWT / 1척",661천 톤,PORT0000000095,UPA_WEB,,,,UPA_API,BERTH
세방신항부두,세방신항부두,,세방신항부두,,240.0,중력식,14.0,False,20000.0,DWT,False,661.0,천 톤,661천 톤,세방,울산광역시 울주군 온산읍 산암리 983번지,2013.0,민간,240m(중력식),14m,"20,000DWT / 1척",661천 톤,PORT0000000096,UPA_WEB,,,,UPA_WEB,BERTH
신항컨부두-1선석,신항컨부두,1.0,"신항""컨""부두1선석",,,중력식,14.0,False,30000.0,DWT,False,7202.0,천 톤 (52만TEU),컨테이너,UNCT,"울산광역시 남구 황성동 830, 831번지",2009.0,민간,920m(중력식),14m,"30,000DWT(2천TEU)/4척","7,202천 톤 (52만TEU)",PORT0000000097,UPA_WEB,,,,UPA_API,WHARF_TOTAL
신항컨부두-2선석,신항컨부두,2.0,"신항""컨""부두2선석",,,중력식,14.0,False,30000.0,DWT,False,7202.0,천 톤 (52만TEU),컨테이너,UNCT,"울산광역시 남구 황성동 830, 831번지",2009.0,민간,920m(중력식),14m,"30,000DWT(2천TEU)/4척","7,202천 톤 (52만TEU)",PORT0000000098,UPA_WEB,,,,UPA_API,WHARF_TOTAL
신항컨부두-3선석,신항컨부두,3.0,"신항""컨""부두3선석",,,중력식,14.0,False,30000.0,DWT,False,7202.0,천 톤 (52만TEU),컨테이너,UNCT,"울산광역시 남구 황성동 830, 831번지",2009.0,민간,920m(중력식),14m,"30,000DWT(2천TEU)/4척","7,202천 톤 (52만TEU)",PORT0000000099,UPA_WEB,,,,UPA_API,WHARF_TOTAL
신항컨부두-4선석,신항컨부두,4.0,"신항""컨""부두4선석",,,중력식,14.0,False,,m,True,7202.0,천 톤 (52만TEU),컨테이너,UNCT,"울산광역시 남구 황성동 830, 831번지",2009.0,민간,920m(중력식),14m,14m,"7,202천 톤 (52만TEU)",PORT0000000100,UPA_WEB,,,,UPA_API,WHARF_TOTAL
신항남방파제 T/S부두-1선석,신항남방파제 T/S부두,1.0,신항남방파제 T/S부두1선석,,,,16.0,False,50000.0,DWT,False,,,"화학공업생산품,석유정제품 등",울산해상하역,울산광역시 울주군 온산읍 산암리 수역,2009.0,국가,540m,16m,"50,000DWT / 2척",,PORT0000000101,UPA_WEB,,,,UPA_API,WHARF_TOTAL
신항남방파제 T/S부두-2선석,신항남방파제 T/S부두,2.0,신항남방파제 T/S부두2선석,,,,16.0,False,50000.0,DWT,False,,,"화학공업생산품,석유정제품 등",울산해상하역,울산광역시 울주군 온산읍 산암리 수역,2009.0,국가,540m,16m,"50,000DWT / 2척",,PORT0000000102,UPA_WEB,,,,UPA_API,WHARF_TOTAL
신항북방파제 T/S부두-1선석,신항북방파제 T/S부두,1.0,신항북방파제 T/S부두1선석,,,,16.0,False,30000.0,DWT,False,,,"화학공업생산품,석유정제품 등",울산해상하역,울산광역시 남구 황성동 수역,2012.0,국가,650m,16m,"30,000DWT / 2척",,PORT0000000103,UPA_WEB,,,,UPA_API,AMBIGUOUS
신항북방파제 T/S부두-2선석,신항북방파제 T/S부두,2.0,신항북방파제 T/S부두2선석,,,,16.0,False,30000.0,DWT,False,,,"화학공업생산품,석유정제품 등",울산해상하역,울산광역시 남구 황성동 수역,2012.0,국가,650m,16m,"30,000DWT / 2척",,PORT0000000104,UPA_WEB,,,,UPA_API,AMBIGUOUS
신항일반부두-1선석,신항일반부두,1.0,신항일반부두1선석,,,중력식,12.0,False,20000.0,DWT,False,1396.0,천 톤,"석유정제품,철강, 철강제품 등",동방,울산광역시 남구 황성동 829번지,2009.0,국가,340m(중력식),12m,"20,000DWT / 2척","1,396천 톤",PORT0000000105,UPA_WEB,,,,UPA_API,WHARF_TOTAL
신항일반부두-2선석,신항일반부두,2.0,신항일반부두2선석,,,중력식,12.0,False,20000.0,DWT,False,1396.0,천 톤,"석유정제품,철강, 철강제품 등",동방,울산광역시 남구 황성동 829번지,2009.0,국가,340m(중력식),12m,"20,000DWT / 2척","1,396천 톤",PORT0000000106,UPA_WEB,,,,UPA_API,WHARF_TOTAL
신항작업부두,신항작업부두,,신항작업부두,,140.0,중력식,7.0,False,3000.0,DWT,False,1360.0,천 톤,공사용자재,울산항만공사,울산광역시 남구 황성동,1998.0,국가,140m(중력식),7m,"3,000DWT / 7m","1,360천 톤",PORT0000000107,UPA_WEB,,,,UPA_WEB,BERTH
용연부두-1선석,용연부두,1.0,용연부두1선석,,450.0,중력식,14.0,False,,DWT,False,1280.0,천 톤,"목재, 잡화 등",울산항만공사,울산광역시 남구 황성동 380번지,2016.0,울산항만공사,450m(중력식),14m,"20,000DWT / 1척30,000DWT / 1척","1,280천 톤",PORT0000000108,UPA_WEB,,,,UPA_API,BERTH
용연부두-2선석,용연부두,2.0,용연부두2선석,,150.0,중력식,14.0,False,,DWT,False,1280.0,천 톤,"목재, 잡화 등",울산항만공사,울산광역시 남구 황성동 380번지,2016.0,울산항만공사,150m(중력식),14m,"20,000DWT / 1척30,000DWT / 1척","1,280천 톤",PORT0000000109,UPA_WEB,,,,UPA_API,BERTH
정일스톨트헤븐 울산신항3부두,정일스톨트헤븐 울산신항3부두,,정일스톨트헤븐 울산신항 3부두,,270.0,중력식,14.0,False,50000.0,DWT,False,1836.0,천 톤,"유기화합물,석유정제품 등",(주)정일스톨트헤븐울산,울산광역시 온산읍 산암리 984번지 일원,2013.0,민간,270m(중력식),14m,"50,000DWT / 1척","1,836천 톤",PORT0000000110,UPA_WEB,,,,UPA_API,BERTH
정일스톨트헤븐 울산신항4부두,정일스톨트헤븐 울산신항4부두,,정일스톨트헤븐 울산신항 4부두,,270.0,중력식,14.0,False,50000.0,DWT,False,1836.0,천 톤,"유기화합물,석유정제품 등",(주)정일스톨트헤븐울산,울산광역시 온산읍 산암리 984번지 일원,2012.0,민간,270m(중력식),14m,"50,000DWT / 1척","1,836천 톤",PORT0000000111,UPA_WEB,,,,UPA_API,BERTH
정일스톨트헤븐 울산신항5부두,정일스톨트헤븐 울산신항5부두,,정일스톨트헤븐 울산신항 5부두,,270.0,중력식,14.0,False,50000.0,DWT,False,1836.0,천 톤,"석유정제품,동식물성유지 등",(주)정일스톨트헤븐울산,울산광역시 온산읍 산암리 984번지 일원,2012.0,민간,270m(중력식),14m,"50,000DWT / 1척","1,836천 톤",PORT0000000112,UPA_WEB,,,,UPA_API,BERTH
UTK 신항부두,UTK 신항부두,,UTK신항부두,,240.0,중력식,14.0,False,20000.0,DWT,False,728.0,천 톤,"목재, 펄프 등",유나이티드터미널코리아(주)_신항,"울산광역시 울주군 온산읍 이진리 265, 266번지",2012.0,2012년 / 민간,240m(중력식),14m,"20,000DWT / 1척",728천 톤,PORT0000000113,UPA_WEB,,,,UPA_API,BERTH
석유공사부이,석유공사부이,,한국석유공사 부이,,,,27.0,False,300000.0,DWT,False,,,원유,한국석유공사,울산광역시 울주군 온산읍 해상,1995.0,민간,,27m,"300,000DWT / 1기",,PORT0000000114,UPA_WEB,,,,UPA_API,
한진신항부두,한진신항부두,,한진신항부두,,210.0,중력식,14.0,False,20000.0,DWT,False,661.0,천 톤,"화학공업생산품,모래, 목재, 기계류",한진울산신항운영,울산광역시 울주군 온산읍 이진리 274번지,2012.0,민간,210m(중력식),14m,"20,000DWT / 1척",661천 톤,PORT0000000115,UPA_WEB,,,,UPA_API,BERTH
현대오일터미널 신항2부두,현대오일터미널 신항2부두,,현대오일터미널 신항부두,,270.0,중력식,14.0,False,50000.0,DWT,False,1836.0,천 톤,"화학공업생산품,석유정제품 등",현대오일터미널(주),울산광역시 울주군 온산읍 산암리 978번지,2013.0,민간,270m(중력식),14m,"50,000DWT / 1척","1,836천 톤",PORT0000000116,UPA_WEB,,,,UPA_API,BERTH
미포부두,미포부두,,미포부두,,210.0,중력식,9.0,False,20000.0,DWT,False,987.0,천 톤,"철강, 철강제품,기계류, 선박 등",현대중공업,"울산광역시 동구 방어동 1425-2번지, 서부동 134번지 일원",1972.0,민간,210m(중력식),9m,"20,000DWT / 1척",987천 톤,PORT0000000117,UPA_WEB,,,,UPA_API,BERTH
북신항 액체부두,북신항 액체부두,,북신항 액체부두,,300.0,,15.0,,,,,,,,,,,,,,,,,UPA_API,1.0,울산신항,UPA 웹 부두현황 117건에 없으나 PORT-MIS 가 MBN/31 로 배정한다. 공공 API(upa_berth_facility)에 안벽 300m·수심 15m 로 존재해 그 값을 옮겼다. 접안능력은 API 에도 결측이라 비워 둔다 — 추측해 채우지 않는다(감사 기준값),UPA_API,BERTH
